"setjmp","00005f2c","Function","Global","User Defined","0","0"
"ResetGraph","00005f3c","Function","Global","User Defined","0","0"
"SYS_OBJ_110","0000604c","Function","Global","User Defined","0","0"
"SYS_OBJ_160","0000609c","Function","Global","User Defined","0","0"
"SetGraphDebug","000060b0","Function","Global","Imported","0","0"
"SetGraphQueue","0000610c","Function","Global","Imported","0","0"
"GetGraphDebug","000061b0","Function","Global","User Defined","0","0"
"DrawSyncCallback","000061c0","Function","Global","Imported","0","0"
"SetDispMask","00006220","Function","Global","Imported","0","0"
"DrawSync","000062b8","Function","Global","User Defined","0","0"
"SYS_OBJ_3E4","00006320","Function","Global","Imported","0","0"
"SYS_OBJ_4B4","000063f0","Function","Global","User Defined","0","0"
"SYS_OBJ_4F0","0000642c","Function","Global","User Defined","1","0"
"ClearImage","0000643c","Function","Global","Imported","0","0"
"ClearImage2","000064cc","Function","Global","Imported","0","0"
"LoadImage","00006564","Function","Global","Imported","0","0"
"StoreImage","000065c4","Function","Global","Imported","0","0"
"MoveImage","00006624","Function","Global","Imported","0","0"
"SYS_OBJ_788","000066c4","Function","Global","User Defined","1","0"
"ClearOTag","000066dc","Function","Global","User Defined","0","0"
"ClearOTagR","000067a4","Function","Global","User Defined","0","0"
"DrawPrim","00006850","Function","Global","Imported","0","0"
"DrawOTag","000068ac","Function","Global","User Defined","0","0"
"PutDrawEnv","0000691c","Function","Global","Imported","0","0"
"DrawOTagEnv","000069dc","Function","Global","Imported","0","0"
"GetDrawEnv","00006ab4","Function","Global","Imported","0","0"
"PutDispEnv","00006ae8","Function","Global","Imported","0","0"
"SYS_OBJ_D4C","00006c88","Function","Global","User Defined","1","0"
"SYS_OBJ_F64","00006ea0","Function","Global","User Defined","1","0"
"SYS_OBJ_FF4","00006f30","Function","Global","User Defined","1","0"
"SYS_OBJ_100C","00006f48","Function","Global","User Defined","0","0"
"GetDispEnv","00006fe0","Function","Global","Imported","0","0"
"GetODE","00007014","Function","Global","Imported","0","0"
"SetDrawArea","00007044","Function","Global","Imported","0","0"
"SetDrawOffset","000070c4","Function","Global","Imported","0","0"
"SetDrawEnv","00007104","Function","Global","Imported","0","0"
"SYS_OBJ_1324","00007260","Function","Global","User Defined","14","0"
"SYS_OBJ_13C0","000072fc","Function","Global","Imported","0","0"
"SYS_OBJ_151C","00007458","Function","Global","User Defined","1","0"
"SYS_OBJ_1614","00007550","Function","Global","User Defined","5","0"
"SYS_OBJ_1630","0000756c","Function","Global","User Defined","0","0"
"SYS_OBJ_1650","0000758c","Function","Global","User Defined","0","0"
"SYS_OBJ_16CC","00007608","Function","Global","User Defined","0","0"
"SYS_OBJ_16E8","00007624","Function","Global","User Defined","0","0"
"SYS_OBJ_1764","000076a0","Function","Global","User Defined","0","0"
"SYS_OBJ_1780","000076bc","Function","Global","User Defined","0","0"
"SYS_OBJ_179C","000076d8","Function","Global","User Defined","0","0"
"SYS_OBJ_1814","00007750","Function","Global","User Defined","1","0"
"SYS_OBJ_181C","00007758","Function","Global","User Defined","1","0"
"SYS_OBJ_1834","00007770","Function","Global","Imported","0","0"
"SYS_OBJ_1914","00007850","Function","Global","Imported","0","0"
"SYS_OBJ_196C","000078a8","Function","Global","User Defined","1","0"
"SYS_OBJ_19AC","000078e8","Function","Global","User Defined","1","0"
"SYS_OBJ_1B1C","00007a58","Function","Global","User Defined","0","0"
"SYS_OBJ_1B44","00007a80","Function","Global","Imported","0","0"
"SYS_OBJ_1BAC","00007ae8","Function","Global","User Defined","1","0"
"SYS_OBJ_1BE8","00007b24","Function","Global","User Defined","0","0"
"SYS_OBJ_1D5C","00007c98","Function","Global","User Defined","1","0"
"SYS_OBJ_1D80","00007cbc","Function","Global","Imported","0","0"
"SYS_OBJ_1DE0","00007d1c","Function","Global","User Defined","1","0"
"SYS_OBJ_1E1C","00007d58","Function","Global","User Defined","0","0"
"SYS_OBJ_1FE0","00007f1c","Function","Global","User Defined","2","0"
"SYS_OBJ_2000","00007f3c","Function","Global","User Defined","0","0"
"SYS_OBJ_2014","00007f50","Function","Global","User Defined","0","0"
"SYS_OBJ_201C","00007f58","Function","Global","User Defined","0","0"
"SYS_OBJ_205C","00007f98","Function","Global","User Defined","0","0"
"SYS_OBJ_20A4","00007fe0","Function","Global","User Defined","0","0"
"SYS_OBJ_20D4","00008010","Function","Global","Imported","0","0"
"SYS_OBJ_20F8","00008034","Function","Global","Imported","0","0"
"SYS_OBJ_2144","00008080","Function","Global","User Defined","0","0"
"SYS_OBJ_2244","00008180","Function","Global","User Defined","0","0"
"SYS_OBJ_22FC","00008238","Function","Global","User Defined","0","0"
"SYS_OBJ_238C","000082c8","Function","Global","User Defined","1","0"
"SYS_OBJ_23A8","000082e4","Function","Global","Imported","0","0"
"SYS_OBJ_2608","00008544","Function","Global","Imported","0","0"
"SYS_OBJ_2710","0000864c","Function","Global","User Defined","1","0"
"SYS_OBJ_2744","00008680","Function","Global","Imported","0","0"
"SYS_OBJ_2764","000086a0","Function","Global","User Defined","0","0"
"SYS_OBJ_277C","000086b8","Function","Global","User Defined","0","0"
"SYS_OBJ_2870","000087ac","Function","Global","User Defined","4","0"
"SYS_OBJ_2880","000087bc","Function","Global","Imported","0","0"
"SYS_OBJ_28B4","000087f0","Function","Global","Imported","0","0"
"SYS_OBJ_29E8","00008924","Function","Global","User Defined","0","0"
"SYS_OBJ_29F8","00008934","Function","Global","User Defined","0","0"
"SYS_OBJ_2A90","000089cc","Function","Global","User Defined","0","0"
"LoadImage2","000089d4","Function","Global","Imported","0","0"
"SYS_OBJ_2B14","00008a50","Function","Global","User Defined","0","0"
"StoreImage2","00008ac0","Function","Global","Imported","0","0"
"SYS_OBJ_2C00","00008b3c","Function","Global","User Defined","0","0"
"MoveImage2","00008bac","Function","Global","Imported","0","0"
"SYS_OBJ_2CF4","00008c30","Function","Global","User Defined","0","0"
"SYS_OBJ_2D9C","00008cd8","Function","Global","User Defined","2","0"
"DrawOTag2","00008cf0","Function","Global","User Defined","0","0"
"SYS_OBJ_2E44","00008d80","Function","Global","User Defined","0","0"
"_GPU_ResetCallback","00008dec","Function","Global","Imported","0","0"
"SYS_OBJ_2ED8","00008e14","Function","Global","User Defined","0","0"
"memcpy","00008e3c","Function","Global","User Defined","0","0"
"printf","00008e4c","Function","Global","User Defined","0","0"
"GPU_cw","00008e5c","Function","Global","User Defined","0","0"
"VSync","00008e9c","Function","Global","User Defined","0","0"
"VSYNC_OBJ_A4","00008f40","Function","Global","User Defined","0","0"
"VSYNC_OBJ_164","00009000","Function","Global","User Defined","0","0"
"VSYNC_OBJ_178","00009014","Function","Global","Imported","0","0"
"VSYNC_OBJ_200","0000909c","Function","Global","User Defined","1","0"
"ChangeClearPAD","000090cc","Function","Global","User Defined","0","0"
"ChangeClearRCnt","000090dc","Function","Global","User Defined","0","0"
"ResetCallback","000090ec","Function","Global","User Defined","0","0"
"InterruptCallback","0000911c","Function","Global","Imported","0","0"
"DMACallback","0000914c","Function","Global","Imported","0","0"
"VSyncCallback","0000917c","Function","Global","Imported","0","0"
"VSyncCallbacks","000091b0","Function","Global","Imported","0","0"
"StopCallback","000091e0","Function","Global","Imported","0","0"
"RestartCallback","00009210","Function","Global","Imported","0","0"
"CheckCallback","00009240","Function","Global","User Defined","0","0"
"GetIntrMask","00009250","Function","Global","User Defined","0","0"
"SetIntrMask","00009268","Function","Global","User Defined","0","0"
"INTR_OBJ_194","00009280","Function","Global","Imported","0","0"
"INTR_OBJ_26C","00009358","Function","Global","Imported","0","0"
"INTR_OBJ_410","000094fc","Function","Global","User Defined","1","0"
"INTR_OBJ_43C","00009528","Function","Global","Imported","0","0"
"INTR_OBJ_4EC","000095d8","Function","Global","User Defined","0","0"
"INTR_OBJ_584","00009670","Function","Global","Imported","0","0"
"INTR_OBJ_624","00009710","Function","Global","Imported","0","0"
"INTR_OBJ_68C","00009778","Function","Global","User Defined","0","0"
"INTR_OBJ_69C","00009788","Function","Global","User Defined","0","0"
"ReturnFromException","000097cc","Function","Global","User Defined","0","0"
"ResetEntryInt","000097dc","Function","Global","User Defined","0","0"
"HookEntryInt","000097ec","Function","Global","User Defined","0","0"
"startIntrVSync","000097fc","Function","Global","User Defined","0","0"
"INTR_VB_OBJ_58","00009854","Function","Global","Imported","0","0"
"INTR_VB_OBJ_C4","000098c0","Function","Global","User Defined","0","0"
"INTR_VB_OBJ_F0","000098ec","Function","Global","User Defined","0","0"
"startIntrDMA","0000991c","Function","Global","Imported","0","0"
"INTR_DMA_OBJ_4C","00009968","Function","Global","Imported","0","0"
"INTR_DMA_OBJ_1CC","00009ae8","Function","Global","User Defined","0","0"
"INTR_DMA_OBJ_270","00009b8c","Function","Global","User Defined","1","0"
"INTR_DMA_OBJ_278","00009b94","Function","Global","User Defined","0","0"
"SsUtReverbOff","00009bec","Function","Global","Imported","0","0"
"strcpy","0000a2c4","Function","Global","User Defined","0","0"
"strlen","0000a2d4","Function","Global","User Defined","0","0"
"Exec","0000a2e4","Function","Global","User Defined","0","0"
"SetRCnt","0000a304","Function","Global","User Defined","0","0"
"COUNTER_OBJ_74","0000a378","Function","Global","User Defined","3","0"
"COUNTER_OBJ_94","0000a398","Function","Global","User Defined","0","0"
"GetRCnt","0000a3a0","Function","Global","User Defined","0","0"
"COUNTER_OBJ_CC","0000a3d0","Function","Global","User Defined","0","0"
"StartRCnt","0000a3d8","Function","Global","User Defined","0","0"
"StopRCnt","0000a408","Function","Global","User Defined","0","0"
"ResetRCnt","0000a43c","Function","Global","User Defined","0","0"
"COUNTER_OBJ_164","0000a468","Function","Global","User Defined","0","0"
"_sio_control","0000a6b8","Function","Global","User Defined","0","0"
"SIO_OBJ_48","0000a700","Function","Global","User Defined","0","0"
"SIO_OBJ_60","0000a718","Function","Global","User Defined","0","0"
"SIO_OBJ_78","0000a730","Function","Global","User Defined","0","0"
"SIO_OBJ_90","0000a748","Function","Global","User Defined","0","0"
"SIO_OBJ_D8","0000a790","Function","Global","User Defined","0","0"
"SIO_OBJ_24C","0000a904","Function","Global","User Defined","0","0"
"SIO_OBJ_250","0000a908","Function","Global","User Defined","0","0"
"sprintf","0000b554","Function","Global","User Defined","0","0"
"SPRINTF_OBJ_94","0000b5e8","Function","Global","User Defined","0","0"
"SPRINTF_OBJ_1C0","0000b714","Function","Global","User Defined","0","0"
"SPRINTF_OBJ_25C","0000b7b0","Function","Global","User Defined","0","0"
"SPRINTF_OBJ_2A0","0000b7f4","Function","Global","User Defined","0","0"
"SPRINTF_OBJ_2C4","0000b818","Function","Global","User Defined","0","0"
"SPRINTF_OBJ_2D0","0000b824","Function","Global","User Defined","0","0"
"SPRINTF_OBJ_2DC","0000b830","Function","Global","User Defined","0","0"
"SPRINTF_OBJ_2E8","0000b83c","Function","Global","User Defined","0","0"
"SPRINTF_OBJ_308","0000b85c","Function","Global","User Defined","0","0"
"SPRINTF_OBJ_360","0000b8b4","Function","Global","User Defined","0","0"
"SPRINTF_OBJ_394","0000b8e8","Function","Global","User Defined","1","0"
"SPRINTF_OBJ_480","0000b9d4","Function","Global","User Defined","0","0"
"SPRINTF_OBJ_580","0000bad4","Function","Global","User Defined","0","0"
"SPRINTF_OBJ_594","0000bae8","Function","Global","User Defined","0","0"
"SPRINTF_OBJ_5A0","0000baf4","Function","Global","User Defined","0","0"
"SPRINTF_OBJ_5A8","0000bafc","Function","Global","User Defined","0","0"
"SPRINTF_OBJ_6A8","0000bbfc","Function","Global","User Defined","0","0"
"SPRINTF_OBJ_6C8","0000bc1c","Function","Global","User Defined","0","0"
"SPRINTF_OBJ_754","0000bca8","Function","Global","User Defined","0","0"
"SPRINTF_OBJ_788","0000bcdc","Function","Global","User Defined","1","0"
"SPRINTF_OBJ_7A0","0000bcf4","Function","Global","User Defined","6","0"
"SPRINTF_OBJ_82C","0000bd80","Function","Global","User Defined","1","0"
"memchr","0000bde4","Function","Global","User Defined","0","0"
"memmove","0000bdf4","Function","Global","User Defined","0","0"
"MEMMOVE_OBJ_64","0000be58","Function","Global","User Defined","0","0"
"SetDumpFnt","0000be64","Function","Global","User Defined","0","0"
"FntLoad","0000bea4","Function","Global","Imported","0","0"
"FntOpen","0000bf44","Function","Global","Imported","0","0"
"FONT_OBJ_370","0000c1d4","Function","Global","User Defined","0","0"
"FntFlush","0000c200","Function","Global","Imported","0","0"
"FONT_OBJ_530","0000c394","Function","Global","User Defined","1","0"
"FONT_OBJ_55C","0000c3c0","Function","Global","User Defined","0","0"
"FONT_OBJ_5C0","0000c424","Function","Global","User Defined","0","0"
"FONT_OBJ_5D8","0000c43c","Function","Global","User Defined","3","0"
"FONT_OBJ_618","0000c47c","Function","Global","User Defined","0","0"
"FONT_OBJ_688","0000c4ec","Function","Global","User Defined","0","0"
"FntPrint","0000c51c","Function","Global","User Defined","0","0"
"FONT_OBJ_820","0000c684","Function","Global","User Defined","0","0"
"FONT_OBJ_864","0000c6c8","Function","Global","User Defined","0","0"
"FONT_OBJ_88C","0000c6f0","Function","Global","User Defined","0","0"
"FONT_OBJ_8E4","0000c748","Function","Global","User Defined","0","0"
"FONT_OBJ_95C","0000c7c0","Function","Global","User Defined","0","0"
"FONT_OBJ_97C","0000c7e0","Function","Global","User Defined","0","0"
"FONT_OBJ_99C","0000c800","Function","Global","User Defined","2","0"
"FONT_OBJ_9A0","0000c804","Function","Global","User Defined","1","0"
"FONT_OBJ_A58","0000c8bc","Function","Global","User Defined","0","0"
"memset","0000c8e4","Function","Global","User Defined","0","0"
"LoadTPage","0000c8f4","Function","Global","User Defined","0","0"
"E00_OBJ_A8","0000c99c","Function","Global","User Defined","0","0"
"E00_OBJ_AC","0000c9a0","Function","Global","User Defined","0","0"
"LoadClut2","0000c9e4","Function","Global","Imported","0","0"
"GetTPage","0000ca54","Function","Global","User Defined","0","0"
"GetClut","0000ca94","Function","Global","User Defined","0","0"
"AddPrim","0000cab4","Function","Global","Imported","0","0"
"SetDrawMode","0000cb84","Function","Global","User Defined","0","0"
"P41_OBJ_8C","0000cc10","Function","Global","User Defined","0","0"
"FlushCache","0000cc24","Function","Global","User Defined","0","0"
"SetMem","0000cc34","Function","Global","User Defined","0","0"
"InitGeom","0000cc4c","Function","Global","User Defined","0","0"
"_patch_gte","0000ccd4","Function","Global","User Defined","0","0"
"PATCHGTE_OBJ_AC","0000cd80","Function","Global","User Defined","0","0"
"PATCHGTE_OBJ_C4","0000cd98","Function","Global","User Defined","0","0"
"PATCHGTE_OBJ_DC","0000cdb0","Function","Global","User Defined","0","0"
"_bu_init","0000ce04","Function","Global","User Defined","0","0"
"InitCARD","0000ce14","Function","Global","User Defined","0","0"
"StartCARD","0000cea4","Function","Global","Imported","0","0"
"StopCARD","0000ceec","Function","Global","Imported","0","0"
"SetInitPadFlag","0000cf14","Function","Global","User Defined","0","0"
"ReadInitPadFlag","0000cf20","Function","Global","User Defined","0","0"
"PAD_init","0000cf30","Function","Global","Imported","0","0"
"InitPAD","0000cfc0","Function","Global","Imported","0","0"
"StartPAD","0000d050","Function","Global","Imported","0","0"
"PAD_OBJ_16C","0000d080","Function","Global","Imported","0","0"
"PAD_OBJ_1E4","0000d0f8","Function","Global","Imported","0","0"
"PAD_OBJ_24C","0000d160","Function","Global","User Defined","0","0"
"InitPAD2","0000d1a4","Function","Global","User Defined","0","0"
"StartPAD2","0000d1b4","Function","Global","User Defined","0","0"
"PAD_init2","0000d1c4","Function","Global","User Defined","0","0"
"SysEnqIntRP","0000d1d4","Function","Global","User Defined","0","0"
"SysDeqIntRP","0000d1e4","Function","Global","User Defined","0","0"
"EnablePAD","0000d1f4","Function","Global","User Defined","0","0"
"DisablePAD","0000d208","Function","Global","User Defined","0","0"
"_patch_pad","0000d21c","Function","Global","User Defined","0","0"
"_remove_ChgclrPAD","0000d294","Function","Global","User Defined","0","0"
"InitCARD2","0000d304","Function","Global","User Defined","0","0"
"StartCARD2","0000d314","Function","Global","User Defined","0","0"
"StopCARD2","0000d324","Function","Global","User Defined","0","0"
"_patch_card_info","0000d334","Function","Global","User Defined","0","0"
"PATCH_OBJ_44","0000d378","Function","Global","User Defined","0","0"
"PATCH_OBJ_B4","0000d3e8","Thunk Function","Global","User Defined","0","0"
"PATCH_OBJ_C8","0000d3fc","Function","Global","User Defined","0","0"
"_patch_card","0000d410","Function","Global","User Defined","0","0"
"_patch_card2","0000d4a4","Function","Global","User Defined","0","0"
"_copy_memcard_patch","0000d514","Function","Global","User Defined","0","0"
"bzero","0000e3e4","Function","Global","User Defined","0","0"
"SquareRoot0","0000ee48","Function","Global","User Defined","0","0"
"MulMatrix0","0000eed8","Function","Global","User Defined","0","0"
"MulRotMatrix","0000efe8","Function","Global","User Defined","0","0"
"CompMatrix","0000f0d8","Function","Global","User Defined","0","0"
"ApplyRotMatrixLV","0000f238","Function","Global","User Defined","0","0"
"SetRotMatrix","0000f378","Function","Global","User Defined","0","0"
"SetTransMatrix","0000f3a8","Function","Global","User Defined","0","0"
"ratan2","0000f3e8","Function","Global","User Defined","0","0"
"RATAN_OBJ_B4","0000f49c","Function","Global","User Defined","0","0"
"RATAN_OBJ_13C","0000f524","Function","Global","User Defined","0","0"
"RATAN_OBJ_150","0000f538","Function","Global","User Defined","0","0"
"SetBackColor","0000f8e8","Function","Global","User Defined","0","0"
"SetColorMatrix","00011484","Function","Global","User Defined","0","0"
"RotTrans","000114b4","Function","Global","User Defined","0","0"
"AddPrims","00011790","Function","Global","User Defined","0","0"
"PadSetAct","0001ec28","Function","Global","Imported","0","0"
"PadSetActAlign","0001ec68","Function","Global","Imported","0","0"
"PDCMD2_OBJ_7C","0001ece4","Function","Global","Imported","0","0"
"PDCMD2_OBJ_A4","0001ed0c","Function","Global","User Defined","0","0"
"PadSetMainMode","0001edd8","Function","Global","Imported","0","0"
"PDCMD3_OBJ_9C","0001ee74","Function","Global","Imported","0","0"
"PDCMD3_OBJ_DC","0001eeb4","Function","Global","User Defined","0","0"
"PDCMD3_OBJ_E4","0001eebc","Function","Global","User Defined","0","0"
"PDCMD3_OBJ_F4","0001eecc","Function","Global","Imported","0","0"
"PDCMD3_OBJ_140","0001ef18","Function","Global","User Defined","0","0"
"PDCMD3_OBJ_144","0001ef1c","Function","Global","User Defined","0","0"
"PadGetState","0001ef38","Function","Global","Imported","0","0"
"PDENT2_OBJ_B8","0001eff0","Function","Global","User Defined","1","0"
"PDENT2_OBJ_BC","0001eff4","Function","Global","User Defined","2","0"
"PadInfoMode","0001f008","Function","Global","Imported","0","0"
"PDENT3_OBJ_E0","0001f0e8","Function","Global","Imported","2","0"
"PDENT3_OBJ_E4","0001f0ec","Function","Global","User Defined","0","0"
"PadStartCom","0001f108","Function","Global","Imported","0","0"
"PadStopCom","0001f1d4","Function","Global","Imported","0","0"
"PadInitDirect","0001f218","Function","Global","Imported","0","0"
"_padInitDirPort","0001f2c8","Function","Global","Imported","0","0"
"PDDIRRES_OBJ_F0","0001f3b8","Function","Global","User Defined","0","0"
"PDDIRRES_OBJ_158","0001f420","Function","Global","Imported","0","0"
"PDDIRRES_OBJ_1CC","0001f494","Function","Global","Imported","2","0"
"PDDIRRES_OBJ_228","0001f4f0","Function","Global","User Defined","0","0"
"PDDIRRES_OBJ_24C","0001f514","Function","Global","User Defined","0","0"
"PDDIRRES_OBJ_25C","0001f524","Function","Global","User Defined","0","0"
"PDDIRRES_OBJ_2C0","0001f588","Function","Global","User Defined","0","0"
"PDDIRRES_OBJ_2EC","0001f5b4","Function","Global","User Defined","0","0"
"PDDIRRES_OBJ_310","0001f5d8","Function","Global","User Defined","4","0"
"PDDIRRES_OBJ_318","0001f5e0","Function","Global","Imported","0","0"
"PDDIRRES_OBJ_584","0001f84c","Function","Global","User Defined","5","0"
"PDDIRRES_OBJ_594","0001f85c","Function","Global","User Defined","0","0"
"PDDIRRES_OBJ_5B4","0001f87c","Function","Global","Imported","0","0"
"PDDIRRES_OBJ_688","0001f950","Function","Global","User Defined","0","0"
"PDDIRRES_OBJ_6B4","0001f97c","Function","Global","User Defined","2","0"
"PDDIRRES_OBJ_6C4","0001f98c","Function","Global","Imported","0","0"
"PDDIRRES_OBJ_7AC","0001fa74","Function","Global","User Defined","1","0"
"PDDIRRES_OBJ_8D4","0001fb9c","Function","Global","User Defined","0","0"
"PDDIRRES_OBJ_8E8","0001fbb0","Function","Global","User Defined","0","0"
"PDDIRRES_OBJ_910","0001fbd8","Function","Global","User Defined","0","0"
"PDDIRRES_OBJ_920","0001fbe8","Function","Global","User Defined","2","0"
"_dirFailAuto","0001fbf8","Function","Global","Imported","0","0"
"PDDIRRES_OBJ_A00","0001fcc8","Function","Global","User Defined","1","0"
"PDDIRRES_OBJ_A10","0001fcd8","Function","Global","User Defined","0","0"
"_padIsVsync","0001fd08","Function","Global","Imported","0","0"
"_padIntPad","0001fd70","Function","Global","Imported","0","0"
"PDRESRES_OBJ_1E8","0001fef0","Function","Global","User Defined","2","0"
"_padInitSioMode","0001ff00","Function","Global","Imported","0","0"
"PDRESRES_OBJ_404","0002010c","Function","Global","User Defined","0","0"
"PDRESRES_OBJ_518","00020220","Function","Global","User Defined","7","0"
"PDRESRES_OBJ_52C","00020234","Function","Global","Imported","0","0"
"PDRESRES_OBJ_60C","00020314","Function","Global","User Defined","1","0"
"_padSioRW","00020324","Function","Global","Imported","0","0"
"PDRESRES_OBJ_784","0002048c","Function","Global","Imported","2","0"
"PDRESRES_OBJ_824","0002052c","Function","Global","Imported","3","0"
"_padSioRW2","00020548","Function","Global","Imported","0","0"
"PDRESRES_OBJ_8FC","00020604","Function","Global","User Defined","0","0"
"PDRESRES_OBJ_988","00020690","Function","Global","User Defined","1","0"
"PDRESRES_OBJ_AA0","000207a8","Function","Global","User Defined","1","0"
"_padClrIntSio0","000207c4","Function","Global","Imported","0","0"
"_padWaitRXready","00020854","Function","Global","User Defined","0","0"
"_padSetCmd","0002087c","Function","Global","User Defined","0","0"
"_padSendAtLoadInfo","0002088c","Function","Global","Imported","0","0"
"PDRESRES_OBJ_BF8","00020900","Function","Global","User Defined","0","0"
"_padRecvAtLoadInfo","00020910","Function","Global","Imported","0","0"
"PDRESRES_OBJ_CC8","000209d0","Function","Global","Imported","2","0"
"PDRESRES_OBJ_D60","00020a68","Function","Global","User Defined","2","0"
"PDRESRES_OBJ_E64","00020b6c","Function","Global","User Defined","0","0"
"PDRESRES_OBJ_E68","00020b70","Function","Global","User Defined","5","0"
"_padGetActSize","00020b80","Function","Global","User Defined","0","0"
"_padLoadActInfo","00020bb8","Function","Global","Imported","0","0"
"PDRESRES_OBJ_F70","00020c78","Function","Global","User Defined","1","0"
"PDRESRES_OBJ_F84","00020c8c","Function","Global","Imported","0","0"
"PDRESRES_OBJ_FDC","00020ce4","Function","Global","Imported","2","0"
"PDRESRES_OBJ_101C","00020d24","Function","Global","User Defined","0","0"
"PDRESRES_OBJ_102C","00020d34","Function","Global","User Defined","0","0"
"PDRESRES_OBJ_10E0","00020de8","Function","Global","User Defined","0","0"
"PDRESRES_OBJ_11C4","00020ecc","Function","Global","User Defined","0","0"
"PDRESRES_OBJ_12EC","00020ff4","Function","Global","User Defined","0","0"
"PDRESRES_OBJ_1310","00021018","Function","Global","User Defined","0","0"
"PDRESRES_OBJ_1418","00021120","Function","Global","User Defined","0","0"
"PDRESRES_OBJ_141C","00021124","Function","Global","User Defined","8","0"
"_padCmdParaMode","0002112c","Function","Global","User Defined","0","0"
"PDRESRES_OBJ_1444","0002114c","Function","Global","User Defined","0","0"
"PDRESRES_OBJ_1458","00021160","Function","Global","User Defined","0","0"
"PDRESRES_OBJ_1478","00021180","Function","Global","User Defined","0","0"
"PDRESRES_OBJ_1498","000211a0","Function","Global","User Defined","0","0"
"PDRESRES_OBJ_14B8","000211c0","Function","Global","User Defined","0","0"
"_padSetRC2wait","000211d4","Function","Global","User Defined","0","0"
"_padChkRC2wait","000211f4","Function","Global","User Defined","0","0"
"PDRESRES_OBJ_1534","0002123c","Function","Global","User Defined","1","0"
"PDRESRES_OBJ_1580","00021288","Function","Global","User Defined","0","0"
"PDRESRES_OBJ_158C","00021294","Function","Global","Imported","0","0"
"PDRESRES_OBJ_15D4","000212dc","Function","Global","User Defined","0","0"
"PDRESRES_OBJ_1694","0002139c","Function","Global","User Defined","0","0"
"PDRESRES_OBJ_16AC","000213b4","Function","Global","Imported","0","0"
"PDRESRES_OBJ_1758","00021460","Function","Global","Imported","0","0"
"PDRESRES_OBJ_1874","0002157c","Function","Global","Imported","0","0"
"PDRESRES_OBJ_1AE4","000217ec","Function","Global","Imported","5","0"
"PDRESRES_OBJ_1B94","0002189c","Function","Global","User Defined","0","0"
"PDRESRES_OBJ_1BD0","000218d8","Function","Global","User Defined","0","0"
"PDRESRES_OBJ_1BD8","000218e0","Function","Global","Imported","4","0"
"PDRESRES_OBJ_1E40","00021b48","Function","Global","User Defined","4","0"
"SsSetSerialVol","00022f7c","Function","Global","Imported","0","0"
"SpuSetCommonAttr","0002308c","Function","Global","User Defined","0","0"
"S_SCA_OBJ_58","000230e4","Function","Global","User Defined","0","0"
"S_SCA_OBJ_60","000230ec","Function","Global","User Defined","0","0"
"S_SCA_OBJ_68","000230f4","Function","Global","User Defined","0","0"
"S_SCA_OBJ_70","000230fc","Function","Global","User Defined","0","0"
"S_SCA_OBJ_78","00023104","Function","Global","User Defined","0","0"
"S_SCA_OBJ_80","0002310c","Function","Global","User Defined","0","0"
"S_SCA_OBJ_88","00023114","Function","Global","User Defined","0","0"
"S_SCA_OBJ_90","0002311c","Function","Global","User Defined","2","0"
"S_SCA_OBJ_98","00023124","Function","Global","User Defined","0","0"
"S_SCA_OBJ_118","000231a4","Function","Global","User Defined","0","0"
"S_SCA_OBJ_120","000231ac","Function","Global","User Defined","0","0"
"S_SCA_OBJ_128","000231b4","Function","Global","User Defined","0","0"
"S_SCA_OBJ_130","000231bc","Function","Global","User Defined","0","0"
"S_SCA_OBJ_138","000231c4","Function","Global","Imported","1","0"
"S_SCA_OBJ_140","000231cc","Function","Global","User Defined","0","0"
"S_SCA_OBJ_148","000231d4","Function","Global","User Defined","0","0"
"S_SCA_OBJ_150","000231dc","Function","Global","User Defined","2","0"
"S_SCA_OBJ_158","000231e4","Function","Global","User Defined","0","0"
"S_SCA_OBJ_274","00023300","Function","Global","User Defined","0","0"
"S_SCA_OBJ_2C8","00023354","Function","Global","User Defined","0","0"
"S_SCA_OBJ_31C","000233a8","Function","Global","User Defined","0","0"
"S_SCA_OBJ_370","000233fc","Function","Global","User Defined","0","0"
"_spu_init","0002340c","Function","Global","Imported","0","0"
"SPU_OBJ_D4","000234e0","Function","Global","User Defined","0","0"
"SPU_OBJ_280","0002368c","Function","Global","User Defined","0","0"
"SPU_OBJ_390","0002379c","Function","Global","User Defined","1","0"
"SPU_OBJ_424","00023830","Function","Global","User Defined","1","0"
"_spu_FiDMA","0002384c","Function","Global","Imported","0","0"
"SPU_OBJ_4EC","000238f8","Function","Global","User Defined","0","0"
"_spu_Fr_","00023908","Function","Global","Imported","2","0"
"_spu_t","000239b0","Function","Global","User Defined","0","0"
"SPU_OBJ_78C","00023b98","Function","Global","User Defined","0","0"
"SPU_OBJ_814","00023c20","Function","Global","User Defined","3","0"
"_spu_Fw","00023c30","Function","Global","Imported","0","0"
"SPU_OBJ_894","00023ca0","Function","Global","User Defined","0","0"
"_spu_Fr","00023cb4","Function","Global","Imported","0","0"
"_spu_FsetRXX","00023d18","Function","Global","User Defined","0","0"
"SPU_OBJ_948","00023d54","Function","Global","User Defined","0","0"
"_spu_FsetRXXa","00023d5c","Function","Global","User Defined","0","0"
"SPU_OBJ_9EC","00023df8","Function","Global","User Defined","0","0"
"_spu_FgetRXXa","00023e00","Function","Global","User Defined","0","0"
"SPU_OBJ_A28","00023e34","Function","Global","User Defined","0","0"
"_spu_FsetPCR","00023e3c","Function","Global","User Defined","0","0"
"SPU_OBJ_A7C","00023e88","Function","Global","User Defined","0","0"
"SPU_OBJ_A88","00023e94","Function","Global","User Defined","0","0"
"SPU_OBJ_AB0","00023ebc","Function","Global","User Defined","0","0"
"_spu_Fw1ts","00023ee4","Function","Global","Imported","0","0"
"SPU_OBJ_B18","00023f24","Function","Global","User Defined","0","0"
"DeliverEvent","00023f4c","Function","Global","User Defined","0","0"
"DSSYS_2_OBJ_30","00024014","Function","Global","User Defined","0","0"
"DS_CQ_flush","00024100","Function","Global","User Defined","0","0"
"DSSYS_2_OBJ_17C","00024160","Function","Global","Imported","0","0"
"DSSYS_2_OBJ_204","000241e8","Function","Global","Imported","0","0"
"DSSYS_2_OBJ_300","000242e4","Function","Global","Imported","2","0"
"DSSYS_2_OBJ_3F4","000243d8","Function","Global","Imported","0","0"
"DSSYS_2_OBJ_464","00024448","Function","Global","Imported","0","0"
"DSSYS_2_OBJ_5BC","000245a0","Function","Global","User Defined","0","0"
"DSSYS_2_OBJ_5CC","000245b0","Function","Global","User Defined","3","0"
"DSSYS_2_OBJ_668","0002464c","Function","Global","Imported","9","0"
"DSSYS_2_OBJ_688","0002466c","Function","Global","Imported","0","0"
"DsInit","000246f8","Function","Global","Imported","0","0"
"DsReset","0002483c","Function","Global","Imported","0","0"
"DsCommand","00024948","Function","Global","Imported","0","0"
"DSSYS_2_OBJ_A34","00024a18","Function","Global","User Defined","0","0"
"DSSYS_2_OBJ_B30","00024b14","Function","Global","User Defined","0","0"
"DsPacket","00024bbc","Function","Global","Imported","0","0"
"_DsPacket2","00024bf0","Function","Global","Imported","0","0"
"DSSYS_2_OBJ_D10","00024cf4","Function","Global","User Defined","0","0"
"DSSYS_2_OBJ_D80","00024d64","Function","Global","User Defined","0","0"
"DSSYS_2_OBJ_DCC","00024db0","Function","Global","User Defined","0","0"
"DSSYS_2_OBJ_E20","00024e04","Function","Global","User Defined","0","0"
"DSSYS_2_OBJ_EDC","00024ec0","Function","Global","User Defined","0","0"
"DSSYS_2_OBJ_F7C","00024f60","Function","Global","User Defined","2","0"
"DSSYS_2_OBJ_F80","00024f64","Function","Global","User Defined","6","0"
"DsSync","00024f90","Function","Global","Imported","0","0"
"DSSYS_2_OBJ_1168","0002514c","Function","Global","User Defined","1","0"
"DSSYS_2_OBJ_1188","0002516c","Function","Global","User Defined","1","0"
"DsReady","00025180","Function","Global","Imported","0","0"
"DSSYS_2_OBJ_1214","000251f8","Function","Global","User Defined","0","0"
"DsQueueLen","00025214","Function","Global","User Defined","0","0"
"DSSYS_2_OBJ_1240","00025224","Function","Global","Imported","0","0"
"DSSYS_2_OBJ_12E4","000252c8","Function","Global","Imported","0","0"
"DSSYS_2_OBJ_1374","00025358","Function","Global","User Defined","0","0"
"DSSYS_2_OBJ_1388","0002536c","Function","Global","User Defined","1","0"
"DSSYS_2_OBJ_13B8","0002539c","Function","Global","Imported","0","0"
"DS_init","000253d4","Function","Global","Imported","0","0"
"DS_reset_members","00025474","Function","Global","Imported","0","0"
"DS_close","00025554","Function","Global","Imported","0","0"
"DS_cw","00025594","Function","Global","Imported","0","0"
"DSSYS_1_OBJ_22C","00025600","Function","Global","User Defined","2","0"
"DS_vsync_callback","00025610","Function","Global","User Defined","0","0"
"DS_sync_callback","0002561c","Function","Global","User Defined","0","0"
"DS_ready_callback","00025628","Function","Global","User Defined","0","0"
"DS_start_callback","00025634","Function","Global","User Defined","0","0"
"DS_system_status","00025640","Function","Global","User Defined","0","0"
"DS_lastcom","00025658","Function","Global","User Defined","0","0"
"DS_lastmode","00025668","Function","Global","User Defined","0","0"
"DS_lastpos","00025678","Function","Global","User Defined","0","0"
"DS_lastseek","00025684","Function","Global","User Defined","0","0"
"DS_lastread","00025694","Function","Global","User Defined","0","0"
"DS_status","000256a4","Function","Global","User Defined","0","0"
"DS_shell_open","000256b4","Function","Global","User Defined","0","0"
"DS_cw_system","000256c4","Function","Global","Imported","0","0"
"DSSYS_1_OBJ_330","00025704","Function","Global","Imported","0","0"
"DSSYS_1_OBJ_37C","00025750","Function","Global","User Defined","0","0"
"DSSYS_1_OBJ_3B8","0002578c","Function","Global","User Defined","0","0"
"DSSYS_1_OBJ_450","00025824","Function","Global","User Defined","5","0"
"DSSYS_1_OBJ_4A0","00025874","Function","Global","User Defined","0","0"
"DSSYS_1_OBJ_4F0","000258c4","Function","Global","User Defined","1","0"
"DSSYS_1_OBJ_508","000258dc","Function","Global","Imported","0","0"
"DSSYS_1_OBJ_708","00025adc","Function","Global","User Defined","0","0"
"DSSYS_1_OBJ_71C","00025af0","Function","Global","User Defined","0","0"
"DSSYS_1_OBJ_724","00025af8","Function","Global","User Defined","0","0"
"DSSYS_1_OBJ_72C","00025b00","Function","Global","User Defined","0","0"
"DSSYS_1_OBJ_734","00025b08","Function","Global","User Defined","8","0"
"DSSYS_1_OBJ_7C8","00025b9c","Function","Global","User Defined","2","0"
"DSSYS_1_OBJ_7D8","00025bac","Function","Global","Imported","0","0"
"DSSYS_1_OBJ_830","00025c04","Function","Global","User Defined","0","0"
"DSSYS_1_OBJ_860","00025c34","Function","Global","Imported","0","0"
"DSSYS_1_OBJ_934","00025d08","Function","Global","User Defined","0","0"
"DSSYS_1_OBJ_93C","00025d10","Function","Global","User Defined","0","0"
"DSSYS_1_OBJ_970","00025d44","Function","Global","Imported","0","0"
"DSSYS_1_OBJ_9E8","00025dbc","Function","Global","User Defined","0","0"
"DSSYS_1_OBJ_A20","00025df4","Function","Global","User Defined","0","0"
"DSSYS_1_OBJ_A68","00025e3c","Function","Global","User Defined","0","0"
"DSSYS_1_OBJ_A90","00025e64","Function","Global","User Defined","0","0"
"DSSYS_1_OBJ_AA4","00025e78","Function","Global","User Defined","0","0"
"DSSYS_1_OBJ_AB8","00025e8c","Function","Global","User Defined","1","0"
"DSSYS_1_OBJ_B04","00025ed8","Function","Global","User Defined","0","0"
"DSSYS_1_OBJ_B08","00025edc","Function","Global","User Defined","0","0"
"DSSYS_1_OBJ_B54","00025f28","Function","Global","Imported","0","0"
"DSSYS_1_OBJ_D78","0002614c","Function","Global","User Defined","0","0"
"DSSYS_1_OBJ_DCC","000261a0","Function","Global","User Defined","13","0"
"DSSYS_1_OBJ_DDC","000261b0","Function","Global","Imported","0","0"
"DSSYS_1_OBJ_EB8","0002628c","Function","Global","User Defined","3","0"
"DSSYS_1_OBJ_EC8","0002629c","Function","Global","Imported","0","0"
"DSSYS_1_OBJ_F5C","00026330","Function","Global","Imported","0","0"
"DSSYS_1_OBJ_FB0","00026384","Function","Global","User Defined","0","0"
"DS_stop","000263e0","Function","Global","Imported","0","0"
"DS_restart","00026458","Function","Global","User Defined","0","0"
"DS_system_active","00026468","Function","Global","User Defined","0","0"
"parcpy","00026478","Function","Global","User Defined","0","0"
"DSSYS_1_OBJ_10E4","000264b8","Function","Global","User Defined","2","0"
"rescpy","000264c0","Function","Global","User Defined","0","0"
"DSSYS_1_OBJ_112C","00026500","Function","Global","User Defined","2","0"
"BIOS_1_OBJ_0","00026514","Function","Global","Imported","0","0"
"BIOS_1_OBJ_64","00026578","Function","Global","User Defined","0","0"
"BIOS_1_OBJ_264","00026778","Function","Global","User Defined","0","0"
"BIOS_1_OBJ_364","00026878","Function","Global","User Defined","0","0"
"BIOS_1_OBJ_3B0","000268c4","Function","Global","User Defined","0","0"
"BIOS_1_OBJ_430","00026944","Function","Global","User Defined","0","0"
"BIOS_1_OBJ_4B0","000269c4","Function","Global","User Defined","0","0"
"BIOS_1_OBJ_550","00026a64","Function","Global","User Defined","0","0"
"CD_sync","00026a78","Function","Global","Imported","0","0"
"BIOS_1_OBJ_69C","00026bb0","Function","Global","User Defined","0","0"
"BIOS_1_OBJ_6CC","00026be0","Function","Global","User Defined","2","0"
"BIOS_1_OBJ_7B4","00026cc8","Function","Global","User Defined","1","0"
"CD_ready","00026cf8","Function","Global","Imported","0","0"
"BIOS_1_OBJ_91C","00026e30","Function","Global","User Defined","0","0"
"BIOS_1_OBJ_94C","00026e60","Function","Global","User Defined","2","0"
"BIOS_1_OBJ_A7C","00026f90","Function","Global","User Defined","1","0"
"CD_cw","00026fc0","Function","Global","Imported","0","0"
"BIOS_1_OBJ_D78","0002728c","Function","Global","User Defined","0","0"
"BIOS_1_OBJ_DA8","000272bc","Function","Global","User Defined","2","0"
"BIOS_1_OBJ_E90","000273a4","Function","Global","User Defined","4","0"
"CD_vol","000273cc","Function","Global","User Defined","0","0"
"CD_flush","00027454","Function","Global","User Defined","0","0"
"CD_initvol","00027528","Function","Global","User Defined","0","0"
"CD_initintr","00027618","Function","Global","Imported","0","0"
"CD_init","00027664","Function","Global","Imported","0","0"
"BIOS_1_OBJ_1320","00027834","Function","Global","User Defined","2","0"
"CD_datasync","00027844","Function","Global","Imported","0","0"
"BIOS_1_OBJ_1398","000278ac","Function","Global","Imported","2","0"
"BIOS_1_OBJ_1448","0002795c","Function","Global","User Defined","0","0"
"CD_set_test_parmnum","000279ac","Function","Global","User Defined","0","0"
"BIOS_1_OBJ_14A4","000279b8","Function","Global","Imported","0","0"
"BIOS_1_OBJ_14D8","000279ec","Function","Global","User Defined","2","0"
"DsRead","00027a94","Function","Global","Imported","0","0"
"DSREAD_OBJ_A4","00027b38","Function","Global","User Defined","0","0"
"DSREAD_OBJ_110","00027ba4","Function","Global","User Defined","0","0"
"DSREAD_OBJ_130","00027bc4","Function","Global","Imported","0","0"
"DSREAD_OBJ_164","00027bf8","Function","Global","Imported","0","0"
"DSREAD_OBJ_2AC","00027d40","Function","Global","User Defined","0","0"
"DSREAD_OBJ_2C4","00027d58","Function","Global","User Defined","3","0"
"DSREAD_OBJ_2DC","00027d70","Function","Global","Imported","0","0"
"DsReadSync","00027e44","Function","Global","Imported","0","0"
"DSREAD_OBJ_400","00027e94","Function","Global","User Defined","0","0"
"DsReadCallback","00027eb4","Function","Global","User Defined","0","0"
"DsReadBreak","00027ec8","Function","Global","Imported","0","0"
"DSREAD_OBJ_454","00027ee8","Function","Global","Imported","0","0"
"DSREAD_OBJ_4B0","00027f44","Function","Global","User Defined","0","0"
"DsReadMode","00027f84","Function","Global","User Defined","0","0"
"DsSearchFile","00027fa4","Function","Global","Imported","0","0"
"DSFILE_OBJ_110","000280b4","Function","Global","User Defined","0","0"
"DSFILE_OBJ_2AC","00028250","Function","Global","User Defined","0","0"
"DSFILE_OBJ_2B8","0002825c","Function","Global","User Defined","2","0"
"DSFILE_OBJ_2E0","00028284","Function","Global","Imported","0","0"
"DSFILE_OBJ_300","000282a4","Function","Global","Imported","0","0"
"DSFILE_OBJ_59C","00028540","Function","Global","User Defined","4","0"
"DSFILE_OBJ_5C4","00028568","Function","Global","Imported","0","0"
"DSFILE_OBJ_648","000285ec","Function","Global","User Defined","0","0"
"DSFILE_OBJ_668","0002860c","Function","Global","Imported","0","0"
"DSFILE_OBJ_7DC","00028780","Function","Global","User Defined","0","0"
"DSFILE_OBJ_7F8","0002879c","Function","Global","User Defined","0","0"
"DSFILE_OBJ_8DC","00028880","Function","Global","User Defined","2","0"
"DSFILE_OBJ_904","000288a8","Function","Global","Imported","0","0"
"strcmp","00028904","Function","Global","User Defined","0","0"
"strncmp","00028914","Function","Global","User Defined","0","0"
"DsStartReadySystem","00028924","Function","Global","User Defined","0","0"
"DSREADY_OBJ_70","00028994","Function","Global","User Defined","0","0"
"DsEndReadySystem","000289a8","Function","Global","Imported","0","0"
"DsReadySystemMode","00028a0c","Function","Global","User Defined","0","0"
"DSREADY_OBJ_FC","00028a20","Function","Global","Imported","0","0"
"DSREADY_OBJ_218","00028b3c","Function","Global","User Defined","4","0"
"DSREADY_OBJ_2FC","00028c20","Function","Global","User Defined","3","0"
"DSREADY_OBJ_3B4","00028cd8","Function","Global","User Defined","2","0"
"DSREADY_OBJ_3BC","00028ce0","Function","Global","User Defined","2","0"
"DSREADY_OBJ_3D8","00028cfc","Function","Global","Imported","0","0"
"DSREADY_OBJ_478","00028d9c","Function","Global","User Defined","4","0"
"DSREADY_OBJ_490","00028db4","Function","Global","Imported","0","0"
"DSREADY_OBJ_508","00028e2c","Function","Global","Imported","0","0"
"ER_active","00028e5c","Function","Global","User Defined","0","0"
"ER_clear","00028e6c","Function","Global","Imported","0","0"
"CdGetSector","00028f84","Function","Global","Imported","0","0"
"CD_getsector","00028fa4","Function","Global","User Defined","0","0"
"CD_getsector2","000290c4","Function","Global","User Defined","0","0"
"CdIntToPos","000291b4","Function","Global","User Defined","0","0"
"CdPosToInt","000292c4","Function","Global","User Defined","0","0"
"DsLastPos","00029344","Function","Global","Imported","0","0"
"D3_008_OBJ_44","00029388","Function","Global","User Defined","0","0"
"strcat","0002976c","Function","Global","User Defined","0","0"
"DsSystemStatus","0002ae08","Function","Global","Imported","0","0"
"CdMix","0002b2dc","Function","Global","Imported","0","0"
"PCopen","0002b7c4","Function","Global","User Defined","0","0"
"PClseek","0002b7f4","Function","Global","User Defined","0","0"
"PCread","0002b818","Function","Global","Imported","0","0"
"read_obj_94","0002b8ac","Function","Global","User Defined","1","0"
"_SN_read","0002b8d4","Function","Global","User Defined","0","0"
"PCcreat","0002ba54","Function","Global","User Defined","0","0"
"_SN_write","0002bb30","Function","Global","User Defined","0","0"
"ApplyMatrixLV","0002e5fc","Function","Global","User Defined","0","0"
"SetDefDrawEnv","0002fd94","Function","Global","Imported","0","0"
"E03_OBJ_78","0002fe0c","Function","Global","User Defined","0","0"
"SetDefDispEnv","0002fe54","Function","Global","User Defined","0","0"
"SetDrawTPage","0002fee4","Function","Global","User Defined","0","0"
"SetDrawStp","0002ff14","Function","Global","User Defined","0","0"
"P40_OBJ_1C","0002ff30","Function","Global","User Defined","0","0"
"SsEnd","00031e3c","Function","Global","Imported","0","0"
"SSEND_OBJ_88","00031ec4","Function","Global","User Defined","0","0"
"SSSTART_OBJ_0","00031f0c","Function","Global","Imported","0","0"
"SSSTART_OBJ_C0","00031fcc","Function","Global","User Defined","0","0"
"SSSTART_OBJ_170","0003207c","Function","Global","User Defined","1","0"
"SSSTART_OBJ_208","00032114","Function","Global","User Defined","1","0"
"SSSTART_OBJ_210","0003211c","Function","Global","User Defined","0","0"
"SSSTART_OBJ_218","00032124","Function","Global","User Defined","1","0"
"SsStart","0003213c","Function","Global","Imported","1","0"
"SsStart2","0003215c","Function","Global","Imported","3","0"
"SSSTART_OBJ_270","0003217c","Function","Global","Imported","0","0"
"SSSTART_OBJ_2BC","000321c8","Function","Global","Imported","0","0"
"SSSTART_OBJ_2F4","00032200","Function","Global","User Defined","0","0"
"SsSeqCalledTbyT","0003221c","Function","Global","Imported","0","0"
"_SsSndCrescendo","0003248c","Function","Global","Imported","0","0"
"CRES_OBJ_150","000325dc","Function","Global","Imported","5","0"
"CRES_OBJ_1B8","00032644","Function","Global","User Defined","0","0"
"_SsSndPause","0003269c","Function","Global","Imported","0","0"
"_SsSndPlay","0003273c","Function","Global","Imported","0","0"
"_SsSeqPlay","0003276c","Function","Global","Imported","0","0"
"MIDIREAD_OBJ_DC","00032848","Function","Global","User Defined","0","0"
"MIDIREAD_OBJ_E0","0003284c","Function","Global","User Defined","1","0"
"_SsSeqGetEof","00032868","Function","Global","Imported","0","0"
"MIDIREAD_OBJ_204","00032970","Function","Global","User Defined","0","0"
"MIDIREAD_OBJ_2D4","00032a40","Function","Global","User Defined","0","0"
"MIDIREAD_OBJ_328","00032a94","Function","Global","User Defined","0","0"
"_SsGetSeqData","00032aac","Function","Global","Imported","0","0"
"MIDIREAD_OBJ_5F8","00032d64","Function","Global","User Defined","0","0"
"MIDIREAD_OBJ_654","00032dc0","Function","Global","User Defined","0","0"
"MIDIREAD_OBJ_6A8","00032e14","Function","Global","User Defined","0","0"
"MIDIREAD_OBJ_6BC","00032e28","Function","Global","User Defined","0","0"
"MIDIREAD_OBJ_6C8","00032e34","Function","Global","User Defined","0","0"
"_SsReadDeltaValue","00032e5c","Function","Global","User Defined","0","0"
"_SsSndNextSep","00032f0c","Function","Global","User Defined","0","0"
"_SsSndReplay","0003300c","Function","Global","User Defined","0","0"
"_SsInit","0003306c","Function","Global","Imported","0","0"
"_SsSndStop","0003310c","Function","Global","Imported","0","0"
"SsSeqStop","0003328c","Function","Global","Imported","0","0"
"SsSepStop","000332b4","Function","Global","Imported","0","0"
"SsSetTickMode","000332ec","Function","Global","Imported","0","0"
"SSTICK_OBJ_4C","00033338","Function","Global","User Defined","0","0"
"SSTICK_OBJ_84","00033370","Function","Global","User Defined","0","0"
"SSTICK_OBJ_A8","00033394","Function","Global","User Defined","0","0"
"SSTICK_OBJ_C8","000333b4","Function","Global","User Defined","0","0"
"SSTICK_OBJ_D8","000333c4","Function","Global","User Defined","0","0"
"SSTICK_OBJ_E8","000333d4","Function","Global","User Defined","0","0"
"SSTICK_OBJ_100","000333ec","Function","Global","User Defined","0","0"
"SSTICK_OBJ_124","00033410","Function","Global","User Defined","1","0"
"SSTICK_OBJ_138","00033424","Function","Global","User Defined","0","0"
"_SsSndTempo","0003343c","Function","Global","User Defined","0","0"
"TEMPO_OBJ_124","00033560","Function","Global","User Defined","0","0"
"TEMPO_OBJ_130","0003356c","Function","Global","User Defined","3","0"
"TEMPO_OBJ_204","00033640","Function","Global","User Defined","0","0"
"_SsVmFlush","0003366c","Function","Global","Imported","0","0"
"VM_F_OBJ_E0","0003374c","Function","Global","Imported","3","0"
"VM_F_OBJ_1A8","00033814","Function","Global","Imported","2","0"
"_SsVmInit","00033b3c","Function","Global","Imported","0","0"
"VM_INIT_OBJ_FC","00033c38","Function","Global","User Defined","0","0"
"_SsVmKeyOffNow","00033e8c","Function","Global","User Defined","0","0"
"VM_NOWOF_OBJ_34","00033ec0","Function","Global","User Defined","0","0"
"_SsVmSetSeqVol","00033f4c","Function","Global","Imported","0","0"
"VM_SEQ_OBJ_324","00034270","Function","Global","User Defined","0","0"
"VM_SEQ_OBJ_3BC","00034308","Function","Global","User Defined","0","0"
"VM_SEQ_OBJ_440","0003438c","Function","Global","User Defined","0","0"
"VM_SEQ_OBJ_470","000343bc","Function","Global","Imported","9","0"
"_SsVmGetSeqVol","000344b8","Function","Global","User Defined","0","0"
"_SsVmSeqKeyOff","0003451c","Function","Global","User Defined","0","0"
"_SsVmVSetUp","000345cc","Function","Global","User Defined","0","0"
"VM_VSU_OBJ_B8","00034684","Function","Global","User Defined","1","0"
"CloseEvent","0003472c","Function","Global","User Defined","0","0"
"DisableEvent","0003473c","Function","Global","User Defined","0","0"
"_SpuInit","0003477c","Function","Global","Imported","0","0"
"SpuStart","00034864","Function","Global","Imported","0","0"
"OpenEvent","000348dc","Function","Global","User Defined","0","0"
"EnableEvent","000348ec","Function","Global","User Defined","0","0"
"SpuInitMalloc","000348fc","Function","Global","User Defined","0","0"
"S_M_INIT_OBJ_4C","00034948","Function","Global","User Defined","0","0"
"SpuMalloc","0003495c","Function","Global","Imported","0","0"
"S_M_M_OBJ_54","000349b0","Function","Global","User Defined","0","0"
"S_M_M_OBJ_12C","00034a88","Function","Global","User Defined","1","0"
"S_M_M_OBJ_1FC","00034b58","Function","Global","Imported","2","0"
"S_M_M_OBJ_2A8","00034c04","Function","Global","User Defined","3","0"
"_spu_gcSPU","00034c2c","Function","Global","User Defined","0","0"
"S_M_INT_OBJ_1D4","00034e00","Function","Global","Imported","3","0"
"S_M_INT_OBJ_270","00034e9c","Function","Global","User Defined","2","0"
"SpuFree","00034f2c","Function","Global","Imported","0","0"
"S_M_F_OBJ_64","00034f90","Function","Global","User Defined","2","0"
"_SpuSetAnyVoice","00034fdc","Function","Global","User Defined","0","0"
"S_SAV_OBJ_130","0003510c","Function","Global","User Defined","0","0"
"S_SAV_OBJ_200","000351dc","Function","Global","User Defined","0","0"
"S_SAV_OBJ_2A4","00035280","Function","Global","User Defined","0","0"
"S_SAV_OBJ_2AC","00035288","Function","Global","User Defined","0","0"
"S_SAV_OBJ_2B4","00035290","Function","Global","User Defined","0","0"
"_SpuGetAnyVoice","000352cc","Function","Global","User Defined","0","0"
"SpuSetKey","0003535c","Function","Global","User Defined","0","0"
"S_SK_OBJ_1AC","00035508","Function","Global","Imported","1","0"
"S_SK_OBJ_1B4","00035510","Function","Global","Imported","5","0"
"SpuSetVoiceAttr","0003555c","Function","Global","Imported","0","0"
"S_SVA_OBJ_13C","00035698","Function","Global","User Defined","0","0"
"S_SVA_OBJ_144","000356a0","Function","Global","User Defined","0","0"
"S_SVA_OBJ_14C","000356a8","Function","Global","User Defined","0","0"
"S_SVA_OBJ_154","000356b0","Function","Global","User Defined","0","0"
"S_SVA_OBJ_15C","000356b8","Function","Global","User Defined","0","0"
"S_SVA_OBJ_164","000356c0","Function","Global","User Defined","0","0"
"S_SVA_OBJ_16C","000356c8","Function","Global","User Defined","0","0"
"S_SVA_OBJ_21C","00035778","Function","Global","User Defined","0","0"
"S_SVA_OBJ_224","00035780","Function","Global","User Defined","0","0"
"S_SVA_OBJ_22C","00035788","Function","Global","User Defined","0","0"
"S_SVA_OBJ_234","00035790","Function","Global","User Defined","0","0"
"S_SVA_OBJ_23C","00035798","Function","Global","User Defined","0","0"
"S_SVA_OBJ_244","000357a0","Function","Global","User Defined","0","0"
"S_SVA_OBJ_24C","000357a8","Function","Global","User Defined","0","0"
"S_SVA_OBJ_5C0","00035b1c","Function","Global","User Defined","0","0"
"_spu_note2pitch","00035b5c","Function","Global","User Defined","0","0"
"S_N2P_OBJ_C8","00035c24","Function","Global","User Defined","0","0"
"_spu_pitch2note","00035c2c","Function","Global","User Defined","0","0"
"S_N2P_OBJ_158","00035cb4","Function","Global","User Defined","0","0"
"S_N2P_OBJ_1C0","00035d1c","Function","Global","User Defined","0","0"
"SpuGetVoiceEnvelope","00035d5c","Function","Global","User Defined","0","0"
"SsUtSetReverbType","00035e50","Function","Global","Imported","0","0"
"UT_REV_OBJ_54","00035ea4","Function","Global","User Defined","0","0"
"UT_REV_OBJ_8C","00035edc","Function","Global","User Defined","0","0"
"SpuSetReverb","00035f30","Function","Global","Imported","0","0"
"S_SR_OBJ_CC","00035ffc","Function","Global","User Defined","0","0"
"S_SR_OBJ_D0","00036000","Function","Global","User Defined","0","0"
"_SpuIsInAllocateArea","00036020","Function","Global","User Defined","0","0"
"S_M_UTIL_OBJ_2C","0003604c","Function","Global","User Defined","0","0"
"S_M_UTIL_OBJ_78","00036098","Function","Global","User Defined","2","0"
"_SpuIsInAllocateArea_","000360a0","Function","Global","User Defined","0","0"
"S_M_UTIL_OBJ_B8","000360d8","Function","Global","User Defined","0","0"
"S_M_UTIL_OBJ_104","00036124","Function","Global","User Defined","2","0"
"SpuSetReverbModeParam","00036130","Function","Global","Imported","0","0"
"S_SRMP_OBJ_158","00036288","Function","Global","User Defined","0","0"
"S_SRMP_OBJ_168","00036298","Function","Global","User Defined","1","0"
"S_SRMP_OBJ_31C","0003644c","Function","Global","User Defined","0","0"
"S_SRMP_OBJ_400","00036530","Function","Global","User Defined","1","0"
"S_SRMP_OBJ_424","00036554","Function","Global","User Defined","1","0"
"S_SRMP_OBJ_4A4","000365d4","Function","Global","User Defined","1","0"
"_spu_setReverbAttr","00036610","Function","Global","User Defined","0","0"
"SpuReserveReverbWorkArea","00036ae0","Function","Global","Imported","0","0"
"S_RRWA_OBJ_3C","00036b1c","Function","Global","User Defined","0","0"
"SpuIsReverbWorkAreaReserved","00036b30","Function","Global","Imported","0","0"
"S_IRWAR_OBJ_30","00036b60","Function","Global","User Defined","0","0"
"SpuClearReverbWorkArea","00036b70","Function","Global","Imported","0","0"
"S_CRWA_OBJ_9C","00036c0c","Function","Global","User Defined","0","0"
"S_CRWA_OBJ_170","00036ce0","Function","Global","User Defined","1","0"
"WaitEvent","00036d10","Function","Global","User Defined","0","0"
"strrchr","00036e18","Function","Global","User Defined","0","0"
"SsSetSerialAttr","00037120","Function","Global","Imported","0","0"
"SsSetMVol","000371e0","Function","Global","Imported","0","0"
"SsSetTableSize","00037230","Function","Global","User Defined","0","0"
"SsSetReservedVoice","00037450","Function","Global","User Defined","0","0"
"VS_SRV_OBJ_28","00037478","Function","Global","User Defined","0","0"
"_SsSndSetVol","00037840","Function","Global","Imported","0","0"
"SSVOL_OBJ_80","000378c0","Function","Global","User Defined","0","0"
"SsSeqSetVol","000378d0","Function","Global","Imported","0","0"
"SSVOL_OBJ_E8","00037928","Function","Global","User Defined","0","0"
"SsSepSetVol","00037938","Function","Global","Imported","0","0"
"SSVOL_OBJ_178","000379b8","Function","Global","User Defined","0","0"
"SsUtKeyOn","000379d0","Function","Global","Imported","0","0"
"UT_KEY_OBJ_144","00037b14","Function","Global","User Defined","0","0"
"UT_KEY_OBJ_148","00037b18","Function","Global","User Defined","0","0"
"UT_KEY_OBJ_330","00037d00","Function","Global","User Defined","0","0"
"UT_KEY_OBJ_33C","00037d0c","Function","Global","User Defined","0","0"
"SsUtKeyOff","00037d3c","Function","Global","Imported","0","0"
"UT_KEY_OBJ_458","00037e28","Function","Global","User Defined","0","0"
"UT_KEY_OBJ_49C","00037e6c","Function","Global","User Defined","0","0"
"SsUtSetReverbDepth","00037e80","Function","Global","User Defined","0","0"
"_SsVmAlloc","00037f10","Function","Global","User Defined","0","0"
"VM_ALOC1_OBJ_160","00038070","Function","Global","User Defined","0","0"
"VM_ALOC1_OBJ_164","00038074","Function","Global","User Defined","4","0"
"VM_ALOC1_OBJ_178","00038088","Function","Global","User Defined","1","0"
"VM_ALOC1_OBJ_198","000380a8","Function","Global","Imported","5","0"
"VM_ALOC1_OBJ_204","00038114","Function","Global","Imported","9","0"
"_SsVmDoAllocate","00038180","Function","Global","User Defined","0","0"
"VM_ALOC2_OBJ_E8","00038268","Function","Global","User Defined","0","0"
"note2pitch","00038350","Function","Global","Imported","0","0"
"note2pitch2","0003839c","Function","Global","Imported","0","0"
"SsPitchFromNote","00038404","Function","Global","User Defined","0","0"
"VM_N2P_OBJ_D0","00038420","Function","Global","Imported","3","0"
"VM_N2P_OBJ_1CC","0003851c","Function","Global","User Defined","0","0"
"vmNoiseOn","00038530","Function","Global","Imported","0","0"
"VM_NO1_OBJ_1C4","000386f4","Function","Global","Imported","1","0"
"VM_NO1_OBJ_234","00038764","Function","Global","User Defined","0","0"
"VM_NO1_OBJ_274","000387a4","Function","Global","Imported","2","0"
"VM_NO1_OBJ_2A4","000387d4","Function","Global","User Defined","0","0"
"VM_NO1_OBJ_2CC","000387fc","Function","Global","User Defined","1","0"
"VM_NO1_OBJ_3B0","000388e0","Function","Global","User Defined","0","0"
"VM_NO1_OBJ_53C","00038a6c","Function","Global","User Defined","0","0"
"vmNoiseOff","00038aa0","Function","Global","User Defined","0","0"
"_SsVmKeyOnNow","00038ae0","Function","Global","User Defined","0","0"
"VM_NOWON_OBJ_1B4","00038c94","Function","Global","User Defined","0","0"
"VM_NOWON_OBJ_224","00038d04","Function","Global","User Defined","0","0"
"VM_NOWON_OBJ_294","00038d74","Function","Global","User Defined","0","0"
"VM_NOWON_OBJ_2BC","00038d9c","Function","Global","User Defined","1","0"
"VM_NOWON_OBJ_3C4","00038ea4","Function","Global","User Defined","0","0"
"VM_NOWON_OBJ_440","00038f20","Function","Global","User Defined","0","0"
"SpuSetNoiseClock","00038fb0","Function","Global","User Defined","0","0"
"SSCLOSE_OBJ_0","000390e8","Function","Global","Imported","0","0"
"SsSeqClose","00039264","Function","Global","Imported","0","0"
"SsSepClose","00039288","Function","Global","Imported","0","0"
"SsSepOpen","00039374","Function","Global","Imported","0","0"
"SSOPENP_OBJ_248","000395bc","Function","Global","User Defined","0","0"
"SSOPENP_OBJ_2D0","00039644","Function","Global","User Defined","0","0"
"_SsContBankChange","00039674","Function","Global","Imported","0","0"
"_SsContDataEntry","000396f4","Function","Global","Imported","0","0"
"CC_6_OBJ_168","0003985c","Function","Global","Imported","5","0"
"CC_6_OBJ_1B0","000398a4","Function","Global","User Defined","1","0"
"CC_6_OBJ_1E0","000398d4","Function","Global","User Defined","0","0"
"CC_6_OBJ_1E8","000398dc","Function","Global","User Defined","0","0"
"CC_6_OBJ_274","00039968","Function","Global","User Defined","0","0"
"CC_6_OBJ_340","00039a34","Function","Global","User Defined","0","0"
"CC_6_OBJ_34C","00039a40","Function","Global","User Defined","0","0"
"_SsContMainVol","00039a74","Function","Global","Imported","0","0"
"_SsContPanpot","00039b44","Function","Global","Imported","0","0"
"_SsContExpression","00039c14","Function","Global","Imported","0","0"
"_SsContDamper","00039d04","Function","Global","Imported","0","0"
"CC_64_OBJ_78","00039d7c","Function","Global","User Defined","0","0"
"_SsContExternal","00039db4","Function","Global","Imported","0","0"
"_SsContNrpn1","00039e44","Function","Global","Imported","0","0"
"_SsContNrpn2","00039f44","Function","Global","Imported","0","0"
"CC_99_OBJ_FC","0003a040","Function","Global","User Defined","0","0"
"CC_99_OBJ_118","0003a05c","Function","Global","User Defined","0","0"
"CC_99_OBJ_124","0003a068","Function","Global","User Defined","0","0"
"_SsContRpn1","0003a084","Function","Global","Imported","0","0"
"_SsContRpn2","0003a0f4","Function","Global","Imported","0","0"
"_SsContResetAll","0003a164","Function","Global","Imported","0","0"
"_SsSetNrpnVabAttr0","0003a224","Function","Global","Imported","0","0"
"_SsSetNrpnVabAttr1","0003a2b4","Function","Global","Imported","0","0"
"DE_1_OBJ_98","0003a34c","Function","Global","User Defined","1","0"
"_SsSetNrpnVabAttr2","0003a374","Function","Global","Imported","0","0"
"_SsSetNrpnVabAttr3","0003a404","Function","Global","Imported","0","0"
"_SsSetNrpnVabAttr4","0003a494","Function","Global","Imported","0","0"
"_SsUtResolveADSR","0003a544","Function","Global","User Defined","0","0"
"_SsUtBuildADSR","0003a5a0","Function","Global","Imported","1","0"
"_SsSetNrpnVabAttr5","0003a644","Function","Global","Imported","0","0"
"_SsSetNrpnVabAttr6","0003a704","Function","Global","Imported","0","0"
"_SsSetNrpnVabAttr7","0003a7b4","Function","Global","Imported","0","0"
"_SsSetNrpnVabAttr8","0003a864","Function","Global","Imported","0","0"
"_SsSetNrpnVabAttr9","0003a914","Function","Global","Imported","0","0"
"_SsSetNrpnVabAttr10","0003a9d4","Function","Global","Imported","0","0"
"_SsSetNrpnVabAttr11","0003aa84","Function","Global","Imported","0","0"
"_SsSetNrpnVabAttr12","0003ab34","Function","Global","Imported","0","0"
"DE_12_OBJ_88","0003abbc","Function","Global","User Defined","1","0"
"_SsSetNrpnVabAttr13","0003ac14","Function","Global","Imported","0","0"
"_SsSetNrpnVabAttr14","0003acb4","Function","Global","Imported","0","0"
"_SsSetNrpnVabAttr16","0003ad84","Function","Global","Imported","0","0"
"_SsSetPitchBend","0003ae44","Function","Global","Imported","0","0"
"_SsSetControlChange","0003aef4","Function","Global","Imported","0","0"
"MIDICC_OBJ_100","0003aff4","Function","Global","Imported","4","0"
"MIDICC_OBJ_124","0003b018","Function","Global","Imported","3","0"
"MIDICC_OBJ_1D8","0003b0cc","Function","Global","User Defined","0","0"
"MIDICC_OBJ_208","0003b0fc","Function","Global","User Defined","0","0"
"MIDICC_OBJ_210","0003b104","Function","Global","User Defined","0","0"
"MIDICC_OBJ_21C","0003b110","Function","Global","User Defined","0","0"
"_SsGetMetaEvent","0003b124","Function","Global","Imported","0","0"
"MIDIMETA_OBJ_19C","0003b2c0","Function","Global","User Defined","0","0"
"_SsNoteOn","0003b2f4","Function","Global","Imported","0","0"
"MIDINOTE_OBJ_C4","0003b3b8","Function","Global","User Defined","1","0"
"_SsSetProgramChange","0003b3d4","Function","Global","Imported","0","0"
"_SsInitSoundSep","0003b444","Function","Global","Imported","0","0"
"SEPINIT_OBJ_15C","0003b5a0","Function","Global","User Defined","0","0"
"SEPINIT_OBJ_218","0003b65c","Function","Global","User Defined","0","0"
"SEPINIT_OBJ_3B4","0003b7f8","Function","Global","User Defined","0","0"
"SEPINIT_OBJ_3C4","0003b808","Function","Global","User Defined","0","0"
"SsUtGetProgAtr","0003b824","Function","Global","Imported","0","0"
"UT_GPA_OBJ_F0","0003b914","Function","Global","User Defined","0","0"
"SsUtGetVagAtr","0003b934","Function","Global","Imported","0","0"
"UT_GVA_OBJ_224","0003bb58","Function","Global","User Defined","0","0"
"SsUtSetReverbDelay","0003bb74","Function","Global","Imported","0","0"
"SsUtSetReverbFeedback","0003bbb4","Function","Global","Imported","0","0"
"SsUtSetVagAtr","0003bbf4","Function","Global","Imported","0","0"
"UT_SVA_OBJ_1B0","0003bda4","Function","Global","User Defined","0","0"
"_SsVmKeyOn","0003bdd4","Function","Global","Imported","0","0"
"VM_KEY_OBJ_110","0003bee4","Function","Global","User Defined","0","0"
"VM_KEY_OBJ_4B4","0003c288","Function","Global","Imported","1","0"
"VM_KEY_OBJ_4D0","0003c2a4","Function","Global","User Defined","0","0"
"VM_KEY_OBJ_4E8","0003c2bc","Function","Global","User Defined","1","0"
"_SsVmKeyOff","0003c2f0","Function","Global","User Defined","0","0"
"VM_KEY_OBJ_650","0003c424","Function","Global","Imported","2","0"
"_SsVmSeKeyOn","0003c450","Function","Global","Imported","0","0"
"VM_KEY_OBJ_72C","0003c500","Function","Global","User Defined","0","0"
"_SsVmSeKeyOff","0003c53c","Function","Global","Imported","0","0"
"_SsVmPBVoice","0003c574","Function","Global","Imported","0","0"
"VM_PB_OBJ_16C","0003c6e0","Function","Global","User Defined","0","0"
"_SsVmPitchBend","0003c760","Function","Global","Imported","0","0"
"_SsVmSetProgVol","0003c844","Function","Global","Imported","0","0"
"_SsVmSelectToneAndVag","0003c8b4","Function","Global","User Defined","0","0"
"_SsVmSetVol","0003c984","Function","Global","Imported","0","0"
"VM_VOL_OBJ_390","0003cd14","Function","Global","User Defined","0","0"
"VM_VOL_OBJ_428","0003cdac","Function","Global","User Defined","0","0"
"VM_VOL_OBJ_48C","0003ce10","Function","Global","User Defined","0","0"
"VM_VOL_OBJ_4B8","0003ce3c","Function","Global","User Defined","0","0"
"_SsSndSetPauseMode","0003d010","Function","Global","Imported","0","0"
"SsSeqPause","0003d0dc","Function","Global","Imported","0","0"
"SsSepPause","0003d104","Function","Global","Imported","1","0"
"_SsSndSetReplayMode","0003d130","Function","Global","User Defined","0","0"
"SsSeqReplay","0003d1cc","Function","Global","Imported","0","0"
"SsSepReplay","0003d1f4","Function","Global","Imported","0","0"
"SsIsEos","0003d4a4","Function","Global","User Defined","0","0"
"SsSepPlay","0003d4e4","Function","Global","Imported","0","0"
"Snd_SetPlayMode","0003d524","Function","Global","Imported","0","0"
"PLAYMODE_OBJ_108","0003d62c","Function","Global","User Defined","1","0"
"SsUtKeyOnV","0003d930","Function","Global","Imported","0","0"
"UT_KEYV_OBJ_154","0003da84","Function","Global","User Defined","0","0"
"UT_KEYV_OBJ_158","0003da88","Function","Global","User Defined","0","0"
"UT_KEYV_OBJ_32C","0003dc5c","Function","Global","User Defined","0","0"
"UT_KEYV_OBJ_33C","0003dc6c","Function","Global","User Defined","0","0"
"SsUtKeyOffV","0003dc9c","Function","Global","Imported","0","0"
"UT_KEYV_OBJ_3D0","0003dd00","Function","Global","User Defined","0","0"
"SsUtSetVVol","0003dd10","Function","Global","User Defined","0","0"
"UT_VVOL4_OBJ_7C","0003dd8c","Function","Global","User Defined","0","0"
"SsVabClose","0003dda0","Function","Global","Imported","0","0"
"SsVabOpenHead","0003decc","Function","Global","Imported","0","0"
"VS_VH2_OBJ_34","0003df00","Function","Global","Imported","0","0"
"SsVabOpenHeadSticky","0003df6c","Function","Global","Imported","0","0"
"SsVabFakeHead","0003dfa0","Function","Global","Imported","0","0"
"VS_VH_OBJ_68","0003dfd4","Function","Global","User Defined","0","0"
"_SsVabOpenHeadWithMode","0003dfdc","Function","Global","Imported","0","0"
"VS_VH_OBJ_158","0003e0c4","Function","Global","User Defined","0","0"
"VS_VH_OBJ_16C","0003e0d8","Function","Global","User Defined","0","0"
"VS_VH_OBJ_1F8","0003e164","Function","Global","Imported","3","0"
"VS_VH_OBJ_264","0003e1d0","Function","Global","Imported","3","0"
"VS_VH_OBJ_358","0003e2c4","Function","Global","User Defined","0","0"
"VS_VH_OBJ_3FC","0003e368","Function","Global","User Defined","0","0"
"VS_VH_OBJ_434","0003e3a0","Function","Global","User Defined","2","0"
"SsVabTransBody","0003e85c","Function","Global","Imported","0","0"
"VS_VTB_OBJ_A4","0003e900","Function","Global","User Defined","0","0"
"SsVabTransCompleted","0003e91c","Function","Global","Imported","0","0"
"SpuRead","0003e94c","Function","Global","Imported","0","0"
"SpuSetTransferStartAddr","0003e9ac","Function","Global","Imported","0","0"
"S_STSA_OBJ_4C","0003e9f8","Function","Global","User Defined","0","0"
"SpuSetTransferMode","0003ea0c","Function","Global","User Defined","0","0"
"S_STM_OBJ_1C","0003ea28","Function","Global","User Defined","1","0"
"SpuIsTransferCompleted","0003ea3c","Function","Global","Imported","0","0"
"S_ITC_OBJ_88","0003eac4","Function","Global","User Defined","1","0"
"S_ITC_OBJ_90","0003eacc","Function","Global","User Defined","1","0"
"TestEvent","0003eaec","Function","Global","User Defined","0","0"
"SsUtPitchBend","0003eb84","Function","Global","Imported","0","0"
"longjmp","0003f2a4","Function","Global","User Defined","0","0"
"read","0004011c","Function","Global","User Defined","0","0"
"write","0004012c","Function","Global","User Defined","0","0"
"DsGetDiskType","00041ff8","Function","Global","Imported","0","0"
"DSTYPE_OBJ_70","00042068","Function","Global","Imported","3","0"
"DSTYPE_OBJ_1A0","00042198","Function","Global","User Defined","4","0"
"DSTYPE_OBJ_1BC","000421b4","Function","Global","Imported","0","0"
"DSTYPE_OBJ_1F8","000421f0","Function","Global","User Defined","0","0"
"DSTYPE_OBJ_208","00042200","Function","Global","Imported","0","0"
"DSTYPE_OBJ_274","0004226c","Function","Global","User Defined","0","0"
"strncpy","00042864","Function","Global","User Defined","0","0"
"PushCallbackFunc","0004759c","Function","Global","Imported","0","0"
"PullCallbackFunc","000475c4","Function","Global","Imported","0","0"
"McrdGetGlobalStructure","000475ec","Function","Global","User Defined","0","0"
"MemCardStart","000475f8","Function","Global","Imported","0","0"
"MemCardStop","00047668","Function","Global","Imported","0","0"
"MemCardExist","000476a8","Function","Global","Imported","0","0"
"LIBMCRD_OBJ_164","00047700","Function","Global","User Defined","0","0"
"LIBMCRD_OBJ_174","00047710","Function","Global","Imported","2","0"
"LIBMCRD_OBJ_390","0004792c","Function","Global","User Defined","0","0"
"LIBMCRD_OBJ_408","000479a4","Function","Global","User Defined","1","0"
"LIBMCRD_OBJ_464","00047a00","Function","Global","User Defined","0","0"
"LIBMCRD_OBJ_470","00047a0c","Function","Global","User Defined","0","0"
"LIBMCRD_OBJ_474","00047a10","Function","Global","User Defined","2","0"
"MemCardAccept","00047a2c","Function","Global","Imported","0","0"
"LIBMCRD_OBJ_4E8","00047a84","Function","Global","User Defined","0","0"
"LIBMCRD_OBJ_4F8","00047a94","Function","Global","Imported","0","0"
"LIBMCRD_OBJ_538","00047ad4","Function","Global","User Defined","0","0"
"LIBMCRD_OBJ_570","00047b0c","Function","Global","User Defined","0","0"
"LIBMCRD_OBJ_584","00047b20","Function","Global","User Defined","0","0"
"LIBMCRD_OBJ_5B4","00047b50","Function","Global","Imported","2","0"
"LIBMCRD_OBJ_5FC","00047b98","Function","Global","User Defined","0","0"
"LIBMCRD_OBJ_61C","00047bb8","Function","Global","User Defined","0","0"
"LIBMCRD_OBJ_640","00047bdc","Function","Global","User Defined","0","0"
"LIBMCRD_OBJ_718","00047cb4","Function","Global","User Defined","0","0"
"LIBMCRD_OBJ_740","00047cdc","Function","Global","User Defined","0","0"
"LIBMCRD_OBJ_784","00047d20","Function","Global","User Defined","2","0"
"LIBMCRD_OBJ_788","00047d24","Function","Global","User Defined","2","0"
"LIBMCRD_OBJ_78C","00047d28","Function","Global","User Defined","2","0"
"MemCardOpen","00047d3c","Function","Global","Imported","0","0"
"LIBMCRD_OBJ_884","00047e20","Function","Global","User Defined","0","0"
"LIBMCRD_OBJ_904","00047ea0","Function","Global","User Defined","0","0"
"MemCardClose","00047ec4","Function","Global","Imported","0","0"
"MemCardReadData","00047f08","Function","Global","Imported","0","0"
"LIBMCRD_OBJ_A08","00047fa4","Function","Global","User Defined","0","0"
"LIBMCRD_OBJ_A14","00047fb0","Function","Global","User Defined","0","0"
"LIBMCRD_OBJ_A24","00047fc0","Function","Global","Imported","0","0"
"LIBMCRD_OBJ_A60","00047ffc","Function","Global","Imported","2","0"
"LIBMCRD_OBJ_BBC","00048158","Function","Global","User Defined","0","0"
"LIBMCRD_OBJ_BC0","0004815c","Function","Global","User Defined","3","0"
"MemCardWriteData","00048170","Function","Global","Imported","0","0"
"LIBMCRD_OBJ_C70","0004820c","Function","Global","User Defined","0","0"
"LIBMCRD_OBJ_C7C","00048218","Function","Global","User Defined","0","0"
"LIBMCRD_OBJ_C8C","00048228","Function","Global","Imported","0","0"
"LIBMCRD_OBJ_E20","000483bc","Function","Global","User Defined","0","0"
"LIBMCRD_OBJ_E24","000483c0","Function","Global","User Defined","3","0"
"MemCardReadFile","000483d4","Function","Global","Imported","0","0"
"LIBMCRD_OBJ_F1C","000484b8","Function","Global","User Defined","0","0"
"LIBMCRD_OBJ_F28","000484c4","Function","Global","User Defined","0","0"
"LIBMCRD_OBJ_F50","000484ec","Function","Global","Imported","0","0"
"LIBMCRD_OBJ_1000","0004859c","Function","Global","Imported","3","0"
"LIBMCRD_OBJ_1040","000485dc","Function","Global","User Defined","0","0"
"LIBMCRD_OBJ_1044","000485e0","Function","Global","User Defined","1","0"
"MemCardWriteFile","000485f4","Function","Global","Imported","0","0"
"LIBMCRD_OBJ_113C","000486d8","Function","Global","User Defined","0","0"
"LIBMCRD_OBJ_1148","000486e4","Function","Global","User Defined","0","0"
"LIBMCRD_OBJ_1170","0004870c","Function","Global","Imported","0","0"
"LIBMCRD_OBJ_1260","000487fc","Function","Global","User Defined","0","0"
"LIBMCRD_OBJ_1264","00048800","Function","Global","Imported","3","0"
"MemCardGetDirentry","00048814","Function","Global","Imported","0","0"
"LIBMCRD_OBJ_13DC","00048978","Function","Global","User Defined","0","0"
"LIBMCRD_OBJ_14A4","00048a40","Function","Global","User Defined","1","0"
"MemCardCallback","00048a70","Function","Global","User Defined","0","0"
"MemCardSync","00048a84","Function","Global","User Defined","0","0"
"LIBMCRD_OBJ_15D8","00048b74","Function","Global","Imported","2","0"
"LIBMCRD_OBJ_15FC","00048b98","Function","Global","User Defined","2","0"
"MemCardCreateFile","00048ba0","Function","Global","Imported","0","0"
"LIBMCRD_OBJ_16E4","00048c80","Function","Global","User Defined","1","0"
"MemCardFormat","00048c9c","Function","Global","Imported","0","0"
"LIBMCRD_OBJ_1764","00048d00","Function","Global","User Defined","1","0"
"LIBMCRD_OBJ_1774","00048d10","Function","Global","User Defined","0","0"
"LIBMCRD_OBJ_17C0","00048d5c","Function","Global","User Defined","3","0"
"LIBMCRD_OBJ_17C8","00048d64","Function","Global","Imported","0","0"
"LIBMCRD_OBJ_1874","00048e10","Function","Global","User Defined","0","0"
"open","00048e6c","Function","Global","User Defined","0","0"
"lseek","00048e7c","Function","Global","User Defined","0","0"
"close","00048e8c","Function","Global","User Defined","0","0"
"nextfile","00048e9c","Function","Global","User Defined","0","0"
"firstfile","00048eac","Function","Global","User Defined","0","0"
"FIRST_OBJ_D0","00048f7c","Function","Global","User Defined","0","0"
"FIRST_OBJ_174","00049020","Function","Global","User Defined","0","0"
"FIRST_OBJ_180","0004902c","Function","Global","User Defined","0","0"
"FIRST_OBJ_19C","00049048","Function","Global","Imported","0","0"
"FIRST_OBJ_25C","00049108","Function","Global","User Defined","0","0"
"firstfile2","0004914c","Function","Global","User Defined","0","0"
"_card_info","0004915c","Function","Global","User Defined","0","0"
"_card_load","0004916c","Function","Global","User Defined","0","0"
"_card_clear","0004917c","Function","Global","User Defined","0","0"
"_card_write","000491bc","Function","Global","User Defined","0","0"
"_new_card","000491cc","Function","Global","User Defined","0","0"
"UserFuncInit","000491dc","Function","Global","User Defined","0","0"
"UserFuncOpen","000491ec","Function","Global","Imported","0","0"
"USERFUNC_OBJ_7C","00049258","Function","Global","User Defined","0","0"
"UserFuncExecute","00049268","Function","Global","Imported","0","0"
"UserFuncComplete","000492d4","Function","Global","User Defined","0","0"
"funcEvSpIOE","000492ec","Function","Global","User Defined","0","0"
"funcEvSpError","00049300","Function","Global","User Defined","0","0"
"funcEvSpTimeout","00049314","Function","Global","User Defined","0","0"
"funcEvSpNewcard","00049328","Function","Global","User Defined","0","0"
"funcEvSpIOEx","0004933c","Function","Global","User Defined","0","0"
"funcEvSpErrorx","00049350","Function","Global","User Defined","0","0"
"funcEvSpTimeoutx","00049364","Function","Global","User Defined","0","0"
"funcEvSpNewcardx","00049378","Function","Global","User Defined","0","0"
"_card_open","0004938c","Function","Global","Imported","0","0"
"_card_start","000493bc","Function","Global","Imported","0","0"
"_card_close","00049598","Function","Global","Imported","0","0"
"_card_stop","000495b8","Function","Global","Imported","0","0"
"_clr_card_event","0004966c","Function","Global","Imported","0","0"
"_get_card_event","00049774","Function","Global","Imported","0","0"
"_get_card_event_x","0004984c","Function","Global","Imported","0","0"
"_chk_card_event","00049924","Function","Global","User Defined","0","0"
"_chk_card_event_x","00049960","Function","Global","User Defined","0","0"
"_card_format2","0004999c","Function","Global","Imported","0","0"
"_card_create2","00049d6c","Function","Global","Imported","0","0"
"LOW_OBJ_84C","0004a1e8","Function","Global","User Defined","0","0"
"LOW_OBJ_8A0","0004a23c","Function","Global","User Defined","1","0"
"LOW_OBJ_A54","0004a3f0","Function","Global","User Defined","5","0"
"_card_read","0004a42c","Function","Global","User Defined","0","0"
"ApplyRotMatrix","0004aef0","Function","Global","User Defined","0","0"
"RotTransPers","0004af30","Function","Global","User Defined","0","0"
"SsUtAllKeyOff","0004b22c","Function","Global","Imported","0","0"
"RotTransSV","0004b37c","Function","Global","User Defined","0","0"
"StSetRing","0004c42c","Function","Global","Imported","0","0"
"StClearRing","0004c45c","Function","Global","Imported","0","0"
"data_ready_callback","0004c53c","Function","Global","User Defined","0","0"
"StGetBackloc","0004c5c8","Function","Global","Imported","0","0"
"C_004_OBJ_D4","0004c610","Function","Global","Imported","1","0"
"StSetStream","0004c6ac","Function","Global","Imported","0","0"
"StFreeRing","0004c73c","Function","Global","User Defined","0","0"
"init_ring_status","0004c7ec","Function","Global","User Defined","0","0"
"StGetNext","0004c82c","Function","Global","User Defined","0","0"
"StCdInterrupt","0004c90c","Function","Global","Imported","0","0"
"C_011_OBJ_258","0004cb64","Function","Global","User Defined","0","0"
"C_011_OBJ_3AC","0004ccb8","Function","Global","User Defined","0","0"
"C_011_OBJ_778","0004d084","Function","Global","User Defined","0","0"
"C_011_OBJ_814","0004d120","Function","Global","User Defined","0","0"
"C_011_OBJ_8B0","0004d1bc","Function","Global","User Defined","0","0"
"C_011_OBJ_90C","0004d218","Function","Global","User Defined","5","0"
"C_011_OBJ_91C","0004d228","Function","Global","User Defined","0","0"
"C_011_OBJ_948","0004d254","Function","Global","Imported","0","0"
"C_011_OBJ_9C4","0004d2d0","Function","Global","User Defined","0","0"
"C_011_OBJ_A20","0004d32c","Function","Global","User Defined","0","0"
"DecDCTReset","0004d59c","Function","Global","Imported","0","0"
"DecDCTGetEnv","0004d5d0","Function","Global","User Defined","0","0"
"DecDCTPutEnv","0004d65c","Function","Global","Imported","0","0"
"DecDCTin","0004d6f4","Function","Global","Imported","0","0"
"LIBPRESS_OBJ_188","0004d724","Function","Global","User Defined","0","0"
"LIBPRESS_OBJ_1B4","0004d750","Function","Global","User Defined","0","0"
"DecDCTout","0004d770","Function","Global","Imported","0","0"
"DecDCTinSync","0004d790","Function","Global","Imported","0","0"
"LIBPRESS_OBJ_220","0004d7bc","Function","Global","User Defined","0","0"
"DecDCToutSync","0004d7cc","Function","Global","Imported","0","0"
"LIBPRESS_OBJ_268","0004d804","Function","Global","User Defined","0","0"
"DecDCTinCallback","0004d814","Function","Global","Imported","0","0"
"DecDCToutCallback","0004d838","Function","Global","Imported","0","0"
"LIBPRESS_OBJ_2C0","0004d85c","Function","Global","Imported","0","0"
"LIBPRESS_OBJ_394","0004d930","Function","Global","User Defined","0","0"
"LIBPRESS_OBJ_3A0","0004d93c","Function","Global","User Defined","0","0"
"LIBPRESS_OBJ_3B0","0004d94c","Function","Global","Imported","0","0"
"LIBPRESS_OBJ_440","0004d9dc","Function","Global","Imported","0","0"
"LIBPRESS_OBJ_4CC","0004da68","Function","Global","Imported","0","0"
"LIBPRESS_OBJ_550","0004daec","Function","Global","User Defined","1","0"
"LIBPRESS_OBJ_560","0004dafc","Function","Global","Imported","0","0"
"LIBPRESS_OBJ_5E4","0004db80","Function","Global","User Defined","1","0"
"LIBPRESS_OBJ_5F4","0004db90","Function","Global","User Defined","0","0"
"LIBPRESS_OBJ_60C","0004dba8","Function","Global","Imported","0","0"
"DecDCTvlcSize2","0004dc2c","Function","Global","User Defined","0","0"
"DecDCTvlc2","0004dc5c","Function","Global","User Defined","0","0"
"DecDCTvlcBuild","0004dfac","Function","Global","User Defined","0","0"
"BUILD_OBJ_AC","0004e058","Function","Global","User Defined","3","0"
"DsRead2","0004e09c","Function","Global","Imported","0","0"
"DSREAD2_OBJ_44","0004e0e0","Function","Global","User Defined","0","0"
"DSREAD2_OBJ_BC","0004e158","Function","Global","User Defined","1","0"
"DSREAD2_OBJ_D4","0004e170","Function","Global","Imported","0","0"
"DsControl","0004e19c","Function","Global","Imported","0","0"
"D4_002_OBJ_54","0004e1f0","Function","Global","User Defined","0","0"
"strstr","00051150","Function","Global","User Defined","0","0"
"__divdf3","00051160","Function","Global","User Defined","0","0"
"DIVDF3_OBJ_128","00051288","Function","Global","Imported","4","0"
"DIVDF3_OBJ_24C","000513ac","Function","Global","User Defined","0","0"
"DIVDF3_OBJ_2B4","00051414","Function","Global","User Defined","0","0"
"_comp_mant","00051440","Function","Global","User Defined","0","0"
"DIVDF3_OBJ_328","00051488","Function","Global","User Defined","3","0"
"_add_mant_d","00051490","Function","Global","Imported","0","0"
"_dbl_shift","00051540","Function","Global","User Defined","0","0"
"DBSHIFT_OBJ_20","00051560","Function","Global","User Defined","0","0"
"DBSHIFT_OBJ_A4","000515e4","Function","Global","Imported","5","0"
"_dbl_shift_us","00051600","Function","Global","User Defined","0","0"
"DBSHIFTU_OBJ_20","00051620","Function","Global","User Defined","0","0"
"__fixdfsi","000516c0","Function","Global","Imported","0","0"
"FIXDFSI_OBJ_CC","0005178c","Function","Global","User Defined","0","0"
"FIXDFSI_OBJ_D8","00051798","Function","Global","User Defined","3","0"
"__floatsidf","000517c0","Function","Global","Imported","0","0"
"FLTSIDF_OBJ_F4","000518b4","Function","Global","User Defined","0","0"
"_mainasu","000518e0","Function","Global","Imported","0","0"
"_err_math","00051950","Function","Global","Imported","0","0"
"FERR_OBJ_4C","0005199c","Function","Global","User Defined","0","0"
"FERR_OBJ_54","000519a4","Function","Global","User Defined","0","0"
"RotTransPers4","000519c0","Function","Global","User Defined","0","0"
"RotMatrix","00052c20","Function","Global","User Defined","0","0"
"FGO_01_OBJ_64","00052c84","Function","Global","User Defined","0","0"
"FGO_01_OBJ_CC","00052cec","Function","Global","User Defined","0","0"
"FGO_01_OBJ_160","00052d80","Function","Global","User Defined","0","0"
"gte_ldv0","20000000","Function","Global","Imported","78","0"
"gte_ldv1","20000004","Function","Global","Imported","23","0"
"gte_ldv2","20000008","Function","Global","Imported","26","0"
"gte_ldv3","2000000c","Function","Global","Imported","30","0"
"gte_ldv3c","20000010","Function","Global","Imported","0","0"
"gte_ldv3c_vertc","20000014","Function","Global","Imported","0","0"
"gte_ldv01","20000018","Function","Global","Imported","0","0"
"gte_ldv01c","2000001c","Function","Global","Imported","0","0"
"gte_ldrgb","20000020","Function","Global","Imported","6","0"
"gte_ldrgb3","20000024","Function","Global","Imported","0","0"
"gte_ldrgb3c","20000028","Function","Global","Imported","0","0"
"gte_ldlv0","2000002c","Function","Global","Imported","1","0"
"gte_ldlvl","20000030","Function","Global","Imported","1","0"
"gte_ldsv","20000034","Function","Global","Imported","0","0"
"gte_ldbv","20000038","Function","Global","Imported","0","0"
"gte_ldcv","2000003c","Function","Global","Imported","0","0"
"gte_ldclmv","20000040","Function","Global","Imported","1","0"
"gte_lddp","20000044","Function","Global","Imported","0","0"
"gte_ldsxy0","20000048","Function","Global","Imported","0","0"
"gte_ldsxy1","2000004c","Function","Global","Imported","0","0"
"gte_ldsxy2","20000050","Function","Global","Imported","0","0"
"gte_ldsxy3","20000054","Function","Global","Imported","0","0"
"gte_ldsxy3c","20000058","Function","Global","Imported","0","0"
"gte_ldsz3","2000005c","Function","Global","Imported","0","0"
"gte_ldsz4","20000060","Function","Global","Imported","0","0"
"gte_ldopv1","20000064","Function","Global","Imported","0","0"
"gte_ldopv2","20000068","Function","Global","Imported","0","0"
"gte_ldopv1SV","2000006c","Function","Global","Imported","0","0"
"gte_ldopv2SV","20000070","Function","Global","Imported","0","0"
"gte_ldlzc","20000074","Function","Global","Imported","0","0"
"gte_SetRGBcd","20000078","Function","Global","Imported","0","0"
"gte_ldbkdir","2000007c","Function","Global","Imported","0","0"
"gte_SetBackColor","20000080","Function","Global","Imported","0","0"
"gte_ldfcdir","20000084","Function","Global","Imported","0","0"
"gte_SetFarColor","20000088","Function","Global","Imported","0","0"
"gte_SetGeomOffset","2000008c","Function","Global","Imported","0","0"
"gte_SetGeomScreen","20000090","Function","Global","Imported","0","0"
"gte_ldsvrtrow0","20000094","Function","Global","Imported","0","0"
"gte_SetRotMatrix","20000098","Function","Global","Imported","6","0"
"gte_ldsvllrow0","2000009c","Function","Global","Imported","0","0"
"gte_SetLightMatrix","200000a0","Function","Global","Imported","2","0"
"gte_ldsvlcrow0","200000a4","Function","Global","Imported","0","0"
"gte_SetColorMatrix","200000a8","Function","Global","Imported","2","0"
"gte_SetTransMatrix","200000ac","Function","Global","Imported","5","0"
"gte_ldtr","200000b0","Function","Global","Imported","0","0"
"gte_SetTransVector","200000b4","Function","Global","Imported","1","0"
"gte_ld_intpol_uv0","200000b8","Function","Global","Imported","0","0"
"gte_ld_intpol_uv1","200000bc","Function","Global","Imported","0","0"
"gte_ld_intpol_bv0","200000c0","Function","Global","Imported","0","0"
"gte_ld_intpol_bv1","200000c4","Function","Global","Imported","0","0"
"gte_ld_intpol_sv0","200000c8","Function","Global","Imported","0","0"
"gte_ldfc","200000cc","Function","Global","Imported","0","0"
"gte_stsxy","200000d0","Function","Global","Imported","17","0"
"gte_stsxy3","200000d4","Function","Global","Imported","20","0"
"gte_stsxy3c","200000d8","Function","Global","Imported","0","0"
"gte_stsxy2","200000dc","Function","Global","Imported","0","0"
"gte_stsxy1","200000e0","Function","Global","Imported","3","0"
"gte_stsxy0","200000e4","Function","Global","Imported","2","0"
"gte_stsxy01","200000e8","Function","Global","Imported","0","0"
"gte_stsxy01c","200000ec","Function","Global","Imported","0","0"
"gte_stsxy3_f3","200000f0","Function","Global","Imported","4","0"
"gte_stsxy3_g3","200000f4","Function","Global","Imported","12","0"
"gte_stsxy3_ft3","200000f8","Function","Global","Imported","0","0"
"gte_stsxy3_gt3","200000fc","Function","Global","Imported","6","0"
"gte_stsxy3_f4","20000100","Function","Global","Imported","0","0"
"gte_stsxy3_g4","20000104","Function","Global","Imported","0","0"
"gte_stsxy3_ft4","20000108","Function","Global","Imported","0","0"
"gte_stsxy3_gt4","2000010c","Function","Global","Imported","0","0"
"gte_stdp","20000110","Function","Global","Imported","2","0"
"gte_stflg","20000114","Function","Global","Imported","32","0"
"gte_stflg_4","20000118","Function","Global","Imported","0","0"
"gte_stsz","2000011c","Function","Global","Imported","3","0"
"gte_stsz3","20000120","Function","Global","Imported","0","0"
"gte_stsz4","20000124","Function","Global","Imported","0","0"
"gte_stsz3c","20000128","Function","Global","Imported","0","0"
"gte_stsz4c","2000012c","Function","Global","Imported","0","0"
"gte_stszotz","20000130","Function","Global","Imported","3","0"
"gte_stotz","20000134","Function","Global","Imported","6","0"
"gte_stopz","20000138","Function","Global","Imported","15","0"
"gte_stlvl","2000013c","Function","Global","Imported","1","0"
"gte_stlvnl","20000140","Function","Global","Imported","5","0"
"gte_stlvnl0","20000144","Function","Global","Imported","0","0"
"gte_stlvnl1","20000148","Function","Global","Imported","0","0"
"gte_stlvnl2","2000014c","Function","Global","Imported","1","0"
"gte_stsv","20000150","Function","Global","Imported","0","0"
"gte_stclmv","20000154","Function","Global","Imported","0","0"
"gte_stbv","20000158","Function","Global","Imported","0","0"
"gte_stcv","2000015c","Function","Global","Imported","0","0"
"gte_strgb","20000160","Function","Global","Imported","6","0"
"gte_strgb3","20000164","Function","Global","Imported","2","0"
"gte_strgb3_g3","20000168","Function","Global","Imported","2","0"
"gte_strgb3_gt3","2000016c","Function","Global","Imported","1","0"
"gte_strgb3_g4","20000170","Function","Global","Imported","0","0"
"gte_strgb3_gt4","20000174","Function","Global","Imported","0","0"
"gte_ReadGeomOffset","20000178","Function","Global","Imported","0","0"
"gte_ReadGeomScreen","2000017c","Function","Global","Imported","2","0"
"gte_ReadRotMatrix","20000180","Function","Global","Imported","2","0"
"gte_sttr","20000184","Function","Global","Imported","0","0"
"gte_ReadLightMatrix","20000188","Function","Global","Imported","0","0"
"gte_ReadColorMatrix","2000018c","Function","Global","Imported","0","0"
"gte_stlzc","20000190","Function","Global","Imported","0","0"
"gte_stfc","20000194","Function","Global","Imported","0","0"
"gte_subdvl","20000198","Function","Global","Imported","0","0"
"gte_subdvd","2000019c","Function","Global","Imported","0","0"
"gte_adddvl","200001a0","Function","Global","Imported","0","0"
"gte_adddvd","200001a4","Function","Global","Imported","0","0"
"gte_RotTransPers","200001a8","Function","Global","Imported","0","0"
"gte_RotTransPers3","200001ac","Function","Global","Imported","0","0"
"gte_RotTrans","200001b0","Function","Global","Imported","0","0"
"gte_LocalLight","200001b4","Function","Global","Imported","0","0"
"gte_LightColor","200001b8","Function","Global","Imported","0","0"
"gte_DpqColorLight","200001bc","Function","Global","Imported","0","0"
"gte_DpqColor","200001c0","Function","Global","Imported","0","0"
"gte_DpqColor3","200001c4","Function","Global","Imported","0","0"
"gte_Intpl","200001c8","Function","Global","Imported","0","0"
"gte_Square12","200001cc","Function","Global","Imported","0","0"
"gte_Square0","200001d0","Function","Global","Imported","0","0"
"gte_NormalColor","200001d4","Function","Global","Imported","0","0"
"gte_NormalColor3","200001d8","Function","Global","Imported","0","0"
"gte_NormalColorDpq","200001dc","Function","Global","Imported","0","0"
"gte_NormalColorDpq3","200001e0","Function","Global","Imported","0","0"
"gte_NormalColorCol","200001e4","Function","Global","Imported","0","0"
"gte_NormalColorCol3","200001e8","Function","Global","Imported","0","0"
"gte_ColorDpq","200001ec","Function","Global","Imported","0","0"
"gte_ColorCol","200001f0","Function","Global","Imported","0","0"
"gte_NormalClip","200001f4","Function","Global","Imported","2","0"
"gte_AverageZ3","200001f8","Function","Global","Imported","0","0"
"gte_AverageZ4","200001fc","Function","Global","Imported","0","0"
"gte_OuterProduct12","20000200","Function","Global","Imported","0","0"
"gte_OuterProduct0","20000204","Function","Global","Imported","0","0"
"gte_OuterProduct12SVL","20000208","Function","Global","Imported","0","0"
"gte_OuterProduct0SVL","2000020c","Function","Global","Imported","0","0"
"gte_OuterProduct12SV","20000210","Function","Global","Imported","0","0"
"gte_OuterProduct0SV","20000214","Function","Global","Imported","0","0"
"gte_Lzc","20000218","Function","Global","Imported","0","0"
"gte_RotAverage3","2000021c","Function","Global","Imported","0","0"
"gte_RotNclip3","20000220","Function","Global","Imported","0","0"
"gte_RotAverageNclip3","20000224","Function","Global","Imported","0","0"
"gte_RotColorDpq","20000228","Function","Global","Imported","0","0"
"gte_RotColorDpq3","2000022c","Function","Global","Imported","0","0"
"gte_RotAverageNclipColorDpq3","20000230","Function","Global","Imported","0","0"
"gte_RotAverageNclipColorCol3","20000234","Function","Global","Imported","0","0"
"gte_LoadAverage12","20000238","Function","Global","Imported","0","0"
"gte_LoadAverage0","2000023c","Function","Global","Imported","0","0"
"gte_LoadAverageShort12","20000240","Function","Global","Imported","0","0"
"gte_LoadAverageShort0","20000244","Function","Global","Imported","0","0"
"gte_LoadAverageByte","20000248","Function","Global","Imported","0","0"
"gte_LoadAverageCol","2000024c","Function","Global","Imported","0","0"
"gte_MulMatrix0","20000250","Function","Global","Imported","0","0"
"gte_ApplyMatrix","20000254","Function","Global","Imported","0","0"
"gte_ApplyMatrixSV","20000258","Function","Global","Imported","0","0"
"gte_CompMatrix","2000025c","Function","Global","Imported","0","0"
"gte_ApplyRotMatrix","20000260","Function","Global","Imported","1","0"
